class_name,method_name,rva_hex,address_hex,offset_hex,mnemonic,op_str
YouYouCanvasHelper,SetDepth,0x1341170,0x1341170,0x1341170,stp,"x20, x19, [sp, #-0x20]!"
YouYouCanvasHelper,SetDepth,0x1341170,0x1341174,0x1341174,stp,"x29, x30, [sp, #0x10]"
YouYouCanvasHelper,SetDepth,0x1341170,0x1341178,0x1341178,add,"x29, sp, #0x10"
YouYouCanvasHelper,SetDepth,0x1341170,0x134117C,0x134117C,mov,"w19, w1"
YouYouCanvasHelper,SetDepth,0x1341170,0x1341180,0x1341180,mov,"x20, x0"
YouYouCanvasHelper,SetDepth,0x1341170,0x1341184,0x1341184,mov,"w0, #0x189f"
YouYouCanvasHelper,SetDepth,0x1341170,0x1341188,0x1341188,mov,"x1, xzr"
YouYouCanvasHelper,SetDepth,0x1341170,0x134118C,0x134118C,bl,#0xedcd74
YouYouCanvasHelper,SetDepth,0x1341170,0x1341190,0x1341190,tbz,"w0, #0, #0x13411bc"
YouYouCanvasHelper,SetDepth,0x1341170,0x1341194,0x1341194,mov,"w0, #0x189f"
YouYouCanvasHelper,SetDepth,0x1341170,0x1341198,0x1341198,mov,"x1, xzr"
YouYouCanvasHelper,SetDepth,0x1341170,0x134119C,0x134119C,bl,#0xedce44
YouYouCanvasHelper,SetDepth,0x1341170,0x13411A0,0x13411A0,cbz,"x0, #0x13411d0"
YouYouCanvasHelper,SetDepth,0x1341170,0x13411A4,0x13411A4,ldp,"x29, x30, [sp, #0x10]"
YouYouCanvasHelper,SetDepth,0x1341170,0x13411A8,0x13411A8,mov,"x1, x20"
YouYouCanvasHelper,SetDepth,0x1341170,0x13411AC,0x13411AC,mov,"w2, w19"
YouYouCanvasHelper,SetDepth,0x1341170,0x13411B0,0x13411B0,mov,"x3, xzr"
YouYouCanvasHelper,SetDepth,0x1341170,0x13411B4,0x13411B4,ldp,"x20, x19, [sp], #0x20"
YouYouCanvasHelper,SetDepth,0x1341170,0x13411B8,0x13411B8,b,#0xac415c
YouYouCanvasHelper,SetDepth,0x1341170,0x13411BC,0x13411BC,str,"w19, [x20, #0x18]"
YouYouCanvasHelper,SetDepth,0x1341170,0x13411C0,0x13411C0,ldp,"x29, x30, [sp, #0x10]"
YouYouCanvasHelper,SetDepth,0x1341170,0x13411C4,0x13411C4,mov,"x0, x20"
YouYouCanvasHelper,SetDepth,0x1341170,0x13411C8,0x13411C8,ldp,"x20, x19, [sp], #0x20"
YouYouCanvasHelper,SetDepth,0x1341170,0x13411CC,0x13411CC,b,#0x13408dc
YouYouCanvasHelper,SetDepth,0x1341170,0x13411D0,0x13411D0,bl,#0xa60094
YouYouCanvasHelper,SetDepth,0x1341170,0x13411D4,0x13411D4,mov,"x1, xzr"
YouYouCanvasHelper,SetDepth,0x1341170,0x13411D8,0x13411D8,b,#0x167baf8
YouYouCanvasHelper,SetDepth,0x1341170,0x13411DC,0x13411DC,str,"x21, [sp, #-0x30]!"
YouYouCanvasHelper,SetDepth,0x1341170,0x13411E0,0x13411E0,stp,"x20, x19, [sp, #0x10]"
YouYouCanvasHelper,SetDepth,0x1341170,0x13411E4,0x13411E4,stp,"x29, x30, [sp, #0x20]"
YouYouCanvasHelper,SetDepth,0x1341170,0x13411E8,0x13411E8,add,"x29, sp, #0x20"
YouYouCanvasHelper,SetDepth,0x1341170,0x13411EC,0x13411EC,adrp,"x20, #0x31fb000"
YouYouCanvasHelper,SetDepth,0x1341170,0x13411F0,0x13411F0,ldrb,"w8, [x20, #0xbe7]"
YouYouCanvasHelper,SetDepth,0x1341170,0x13411F4,0x13411F4,mov,"x19, x0"
YouYouCanvasHelper,SetDepth,0x1341170,0x13411F8,0x13411F8,tbnz,"w8, #0, #0x134121c"
YouYouCanvasHelper,SetDepth,0x1341170,0x13411FC,0x13411FC,adrp,"x0, #0x2feb000"
YouYouCanvasHelper,SetDepth,0x1341170,0x1341200,0x1341200,ldr,"x0, [x0, #0xea0]"
YouYouCanvasHelper,SetDepth,0x1341170,0x1341204,0x1341204,bl,#0xa5ffc0
YouYouCanvasHelper,SetDepth,0x1341170,0x1341208,0x1341208,adrp,"x0, #0x3041000"
YouYouCanvasHelper,SetDepth,0x1341170,0x134120C,0x134120C,ldr,"x0, [x0, #0xbd0]"
YouYouCanvasHelper,SetDepth,0x1341170,0x1341210,0x1341210,bl,#0xa5ffc0
YouYouCanvasHelper,SetDepth,0x1341170,0x1341214,0x1341214,mov,"w8, #1"
YouYouCanvasHelper,SetDepth,0x1341170,0x1341218,0x1341218,strb,"w8, [x20, #0xbe7]"
YouYouCanvasHelper,SetDepth,0x1341170,0x134121C,0x134121C,mov,"w0, #0x18c4"
YouYouCanvasHelper,SetDepth,0x1341170,0x1341220,0x1341220,mov,"x1, xzr"
YouYouCanvasHelper,SetDepth,0x1341170,0x1341224,0x1341224,bl,#0xedcd74
YouYouCanvasHelper,SetDepth,0x1341170,0x1341228,0x1341228,tbz,"w0, #0, #0x1341254"
YouYouCanvasHelper,SetDepth,0x1341170,0x134122C,0x134122C,mov,"w0, #0x18c4"
YouYouCanvasHelper,SetDepth,0x1341170,0x1341230,0x1341230,mov,"x1, xzr"
YouYouCanvasHelper,SetDepth,0x1341170,0x1341234,0x1341234,bl,#0xedce44
YouYouCanvasHelper,SetDepth,0x1341170,0x1341238,0x1341238,cbz,"x0, #0x13412f0"
YouYouCanvasHelper,SetDepth,0x1341170,0x134123C,0x134123C,mov,"x1, x19"
YouYouCanvasHelper,SetDepth,0x1341170,0x1341240,0x1341240,ldp,"x29, x30, [sp, #0x20]"
YouYouCanvasHelper,SetDepth,0x1341170,0x1341244,0x1341244,ldp,"x20, x19, [sp, #0x10]"
YouYouCanvasHelper,SetDepth,0x1341170,0x1341248,0x1341248,mov,"x2, xzr"
YouYouCanvasHelper,SetDepth,0x1341170,0x134124C,0x134124C,ldr,"x21, [sp], #0x30"
YouYouCanvasHelper,SetDepth,0x1341170,0x1341250,0x1341250,b,#0xac620c
YouYouCanvasHelper,SetDepth,0x1341170,0x1341254,0x1341254,mov,"x0, xzr"
YouYouCanvasHelper,SetDepth,0x1341170,0x1341258,0x1341258,bl,#0xef94c8
YouYouCanvasHelper,SetDepth,0x1341170,0x134125C,0x134125C,cbz,"x0, #0x13412f4"
YouYouCanvasHelper,SetDepth,0x1341170,0x1341260,0x1341260,mov,"x1, x19"
YouYouCanvasHelper,SetDepth,0x1341170,0x1341264,0x1341264,mov,"x2, xzr"
YouYouCanvasHelper,SetDepth,0x1341170,0x1341268,0x1341268,bl,#0xef96d4
YouYouCanvasHelper,SetDepth,0x1341170,0x134126C,0x134126C,mov,"x20, x0"
YouYouCanvasHelper,ResetRenderDepth,0x13408DC,0x13408DC,0x13408DC,stp,"x22, x21, [sp, #-0x30]!"
YouYouCanvasHelper,ResetRenderDepth,0x13408DC,0x13408E0,0x13408E0,stp,"x20, x19, [sp, #0x10]"
YouYouCanvasHelper,ResetRenderDepth,0x13408DC,0x13408E4,0x13408E4,stp,"x29, x30, [sp, #0x20]"
YouYouCanvasHelper,ResetRenderDepth,0x13408DC,0x13408E8,0x13408E8,add,"x29, sp, #0x20"
YouYouCanvasHelper,ResetRenderDepth,0x13408DC,0x13408EC,0x13408EC,adrp,"x20, #0x31fb000"
YouYouCanvasHelper,ResetRenderDepth,0x13408DC,0x13408F0,0x13408F0,ldrb,"w8, [x20, #0xbe5]"
YouYouCanvasHelper,ResetRenderDepth,0x13408DC,0x13408F4,0x13408F4,mov,"x19, x0"
YouYouCanvasHelper,ResetRenderDepth,0x13408DC,0x13408F8,0x13408F8,tbnz,"w8, #0, #0x1340934"
YouYouCanvasHelper,ResetRenderDepth,0x13408DC,0x13408FC,0x13408FC,adrp,"x0, #0x3039000"
YouYouCanvasHelper,ResetRenderDepth,0x13408DC,0x1340900,0x1340900,ldr,"x0, [x0, #0x2e8]"
YouYouCanvasHelper,ResetRenderDepth,0x13408DC,0x1340904,0x1340904,bl,#0xa5ffc0
YouYouCanvasHelper,ResetRenderDepth,0x13408DC,0x1340908,0x1340908,adrp,"x0, #0x3042000"
YouYouCanvasHelper,ResetRenderDepth,0x13408DC,0x134090C,0x134090C,ldr,"x0, [x0, #0xfd8]"
YouYouCanvasHelper,ResetRenderDepth,0x13408DC,0x1340910,0x1340910,bl,#0xa5ffc0
YouYouCanvasHelper,ResetRenderDepth,0x13408DC,0x1340914,0x1340914,adrp,"x0, #0x2fe1000"
YouYouCanvasHelper,ResetRenderDepth,0x13408DC,0x1340918,0x1340918,ldr,"x0, [x0, #0x520]"
YouYouCanvasHelper,ResetRenderDepth,0x13408DC,0x134091C,0x134091C,bl,#0xa5ffc0
YouYouCanvasHelper,ResetRenderDepth,0x13408DC,0x1340920,0x1340920,adrp,"x0, #0x302c000"
YouYouCanvasHelper,ResetRenderDepth,0x13408DC,0x1340924,0x1340924,ldr,"x0, [x0, #0x6b0]"
YouYouCanvasHelper,ResetRenderDepth,0x13408DC,0x1340928,0x1340928,bl,#0xa5ffc0
YouYouCanvasHelper,ResetRenderDepth,0x13408DC,0x134092C,0x134092C,mov,"w8, #1"
YouYouCanvasHelper,ResetRenderDepth,0x13408DC,0x1340930,0x1340930,strb,"w8, [x20, #0xbe5]"
YouYouCanvasHelper,ResetRenderDepth,0x13408DC,0x1340934,0x1340934,mov,"w0, #0x189b"
YouYouCanvasHelper,ResetRenderDepth,0x13408DC,0x1340938,0x1340938,mov,"x1, xzr"
YouYouCanvasHelper,ResetRenderDepth,0x13408DC,0x134093C,0x134093C,bl,#0xedcd74
YouYouCanvasHelper,ResetRenderDepth,0x13408DC,0x1340940,0x1340940,tbz,"w0, #0, #0x134096c"
YouYouCanvasHelper,ResetRenderDepth,0x13408DC,0x1340944,0x1340944,mov,"w0, #0x189b"
YouYouCanvasHelper,ResetRenderDepth,0x13408DC,0x1340948,0x1340948,mov,"x1, xzr"
YouYouCanvasHelper,ResetRenderDepth,0x13408DC,0x134094C,0x134094C,bl,#0xedce44
YouYouCanvasHelper,ResetRenderDepth,0x13408DC,0x1340950,0x1340950,cbz,"x0, #0x1340b70"
YouYouCanvasHelper,ResetRenderDepth,0x13408DC,0x1340954,0x1340954,mov,"x1, x19"
YouYouCanvasHelper,ResetRenderDepth,0x13408DC,0x1340958,0x1340958,ldp,"x29, x30, [sp, #0x20]"
YouYouCanvasHelper,ResetRenderDepth,0x13408DC,0x134095C,0x134095C,ldp,"x20, x19, [sp, #0x10]"
YouYouCanvasHelper,ResetRenderDepth,0x13408DC,0x1340960,0x1340960,mov,"x2, xzr"
YouYouCanvasHelper,ResetRenderDepth,0x13408DC,0x1340964,0x1340964,ldp,"x22, x21, [sp], #0x30"
YouYouCanvasHelper,ResetRenderDepth,0x13408DC,0x1340968,0x1340968,b,#0xac2a78
YouYouCanvasHelper,ResetRenderDepth,0x13408DC,0x134096C,0x134096C,adrp,"x21, #0x302c000"
YouYouCanvasHelper,ResetRenderDepth,0x13408DC,0x1340970,0x1340970,ldr,"x21, [x21, #0x6b0]"
YouYouCanvasHelper,ResetRenderDepth,0x13408DC,0x1340974,0x1340974,ldr,"x20, [x19, #0x20]"
YouYouCanvasHelper,ResetRenderDepth,0x13408DC,0x1340978,0x1340978,ldr,"x0, [x21]"
YouYouCanvasHelper,ResetRenderDepth,0x13408DC,0x134097C,0x134097C,ldrb,"w8, [x0, #0x133]"
YouYouCanvasHelper,ResetRenderDepth,0x13408DC,0x1340980,0x1340980,tbz,"w8, #1, #0x1340990"
YouYouCanvasHelper,ResetRenderDepth,0x13408DC,0x1340984,0x1340984,ldr,"w8, [x0, #0xe0]"
YouYouCanvasHelper,ResetRenderDepth,0x13408DC,0x1340988,0x1340988,cbnz,"w8, #0x1340990"
YouYouCanvasHelper,ResetRenderDepth,0x13408DC,0x134098C,0x134098C,bl,#0xa60070
YouYouCanvasHelper,ResetRenderDepth,0x13408DC,0x1340990,0x1340990,mov,"x0, x20"
YouYouCanvasHelper,ResetRenderDepth,0x13408DC,0x1340994,0x1340994,mov,"x1, xzr"
YouYouCanvasHelper,ResetRenderDepth,0x13408DC,0x1340998,0x1340998,mov,"x2, xzr"
YouYouCanvasHelper,ResetRenderDepth,0x13408DC,0x134099C,0x134099C,bl,#0x167bf90
YouYouCanvasHelper,ResetRenderDepth,0x13408DC,0x13409A0,0x13409A0,tbz,"w0, #0, #0x13409bc"
YouYouCanvasHelper,ResetRenderDepth,0x13408DC,0x13409A4,0x13409A4,adrp,"x8, #0x3039000"
YouYouCanvasHelper,ResetRenderDepth,0x13408DC,0x13409A8,0x13409A8,ldr,"x8, [x8, #0x2e8]"
YouYouCanvasHelper,ResetRenderDepth,0x13408DC,0x13409AC,0x13409AC,mov,"x0, x19"
YouYouCanvasHelper,ResetRenderDepth,0x13408DC,0x13409B0,0x13409B0,ldr,"x1, [x8]"
YouYouCanvasHelper,ResetRenderDepth,0x13408DC,0x13409B4,0x13409B4,bl,#0xcb9348
YouYouCanvasHelper,ResetRenderDepth,0x13408DC,0x13409B8,0x13409B8,str,"x0, [x19, #0x20]"
YouYouCanvasHelper,ResetRenderDepth,0x13408DC,0x13409BC,0x13409BC,ldr,"x0, [x21]"
YouYouCanvasHelper,ResetRenderDepth,0x13408DC,0x13409C0,0x13409C0,ldr,"x20, [x19, #0x28]"
YouYouCanvasHelper,ResetRenderDepth,0x13408DC,0x13409C4,0x13409C4,ldrb,"w8, [x0, #0x133]"
YouYouCanvasHelper,ResetRenderDepth,0x13408DC,0x13409C8,0x13409C8,tbz,"w8, #1, #0x13409d8"
YouYouCanvasHelper,ResetRenderDepth,0x13408DC,0x13409CC,0x13409CC,ldr,"w8, [x0, #0xe0]"
YouYouCanvasHelper,ResetRenderDepth,0x13408DC,0x13409D0,0x13409D0,cbnz,"w8, #0x13409d8"
YouYouCanvasHelper,ResetRenderDepth,0x13408DC,0x13409D4,0x13409D4,bl,#0xa60070
YouYouCanvasHelper,ResetRenderDepth,0x13408DC,0x13409D8,0x13409D8,mov,"x0, x20"
YouYouCanvasHelper,ResetRenderDepth,0x13408DC,0x13409DC,0x13409DC,mov,"x1, xzr"
YouYouCanvasHelper,ResetRenderDepth,0x13408DC,0x13409E0,0x13409E0,mov,"x2, xzr"
YouYouCanvasHelper,ResetRenderDepth,0x13408DC,0x13409E4,0x13409E4,bl,#0x167bf90
YouYouCanvasHelper,ResetRenderDepth,0x13408DC,0x13409E8,0x13409E8,tbz,"w0, #0, #0x1340a04"
YouYouCanvasHelper,ResetRenderDepth,0x13408DC,0x13409EC,0x13409EC,adrp,"x8, #0x3042000"
YouYouCanvasHelper,ResetRenderDepth,0x13408DC,0x13409F0,0x13409F0,ldr,"x8, [x8, #0xfd8]"
YouYouCanvasHelper,ResetRenderDepth,0x13408DC,0x13409F4,0x13409F4,mov,"x0, x19"
YouYouCanvasHelper,ResetRenderDepth,0x13408DC,0x13409F8,0x13409F8,ldr,"x1, [x8]"
YouYouCanvasHelper,ResetRenderDepth,0x13408DC,0x13409FC,0x13409FC,bl,#0xcb90e8
YouYouCanvasHelper,ResetRenderDepth,0x13408DC,0x1340A00,0x1340A00,str,"x0, [x19, #0x28]"
YouYouCanvasHelper,ResetRenderDepth,0x13408DC,0x1340A04,0x1340A04,ldr,"x0, [x21]"
YouYouCanvasHelper,ResetRenderDepth,0x13408DC,0x1340A08,0x1340A08,ldr,"x20, [x19, #0x20]"
YouYouCanvasHelper,ResetRenderDepth,0x13408DC,0x1340A0C,0x1340A0C,ldrb,"w8, [x0, #0x133]"
YouYouCanvasHelper,ResetRenderDepth,0x13408DC,0x1340A10,0x1340A10,tbz,"w8, #1, #0x1340a20"
YouYouCanvasHelper,ResetRenderDepth,0x13408DC,0x1340A14,0x1340A14,ldr,"w8, [x0, #0xe0]"
YouYouCanvasHelper,ResetRenderDepth,0x13408DC,0x1340A18,0x1340A18,cbnz,"w8, #0x1340a20"
YouYouCanvasHelper,ResetRenderDepth,0x13408DC,0x1340A1C,0x1340A1C,bl,#0xa60070
YouYouCanvasHelper,ResetRenderDepth,0x13408DC,0x1340A20,0x1340A20,mov,"x0, x20"
YouYouCanvasHelper,ResetRenderDepth,0x13408DC,0x1340A24,0x1340A24,mov,"x1, xzr"
YouYouCanvasHelper,ResetRenderDepth,0x13408DC,0x1340A28,0x1340A28,mov,"x2, xzr"
YouYouCanvasHelper,ResetRenderDepth,0x13408DC,0x1340A2C,0x1340A2C,bl,#0x167cfa4
YouYouCanvasHelper,ResetRenderDepth,0x13408DC,0x1340A30,0x1340A30,tbz,"w0, #0, #0x1340b60"
YouYouCanvasHelper,ResetRenderDepth,0x13408DC,0x1340A34,0x1340A34,ldr,"x0, [x21]"
YouYouCanvasHelper,ResetRenderDepth,0x13408DC,0x1340A38,0x1340A38,ldr,"x20, [x19, #0x28]"
YouYouCanvasHelper,ResetRenderDepth,0x13408DC,0x1340A3C,0x1340A3C,ldrb,"w8, [x0, #0x133]"
YouYouCanvasHelper,ResetRenderDepth,0x13408DC,0x1340A40,0x1340A40,tbz,"w8, #1, #0x1340a50"
YouYouCanvasHelper,ResetRenderDepth,0x13408DC,0x1340A44,0x1340A44,ldr,"w8, [x0, #0xe0]"
YouYouCanvasHelper,ResetRenderDepth,0x13408DC,0x1340A48,0x1340A48,cbnz,"w8, #0x1340a50"
YouYouCanvasHelper,ResetRenderDepth,0x13408DC,0x1340A4C,0x1340A4C,bl,#0xa60070
YouYouCanvasHelper,ResetRenderDepth,0x13408DC,0x1340A50,0x1340A50,mov,"x0, x20"
YouYouCanvasHelper,ResetRenderDepth,0x13408DC,0x1340A54,0x1340A54,mov,"x1, xzr"
YouYouCanvasHelper,ResetRenderDepth,0x13408DC,0x1340A58,0x1340A58,mov,"x2, xzr"
YouYouCanvasHelper,ResetRenderDepth,0x13408DC,0x1340A5C,0x1340A5C,bl,#0x167cfa4
YouYouCanvasHelper,ResetRenderDepth,0x13408DC,0x1340A60,0x1340A60,tbz,"w0, #0, #0x1340aac"
YouYouCanvasHelper,ResetRenderDepth,0x13408DC,0x1340A64,0x1340A64,ldr,"x0, [x19, #0x28]"
YouYouCanvasHelper,ResetRenderDepth,0x13408DC,0x1340A68,0x1340A68,cbz,"x0, #0x1340b70"
YouYouCanvasHelper,ResetRenderDepth,0x13408DC,0x1340A6C,0x1340A6C,mov,"w1, #1"
YouYouCanvasHelper,ResetRenderDepth,0x13408DC,0x1340A70,0x1340A70,mov,"x2, xzr"
YouYouCanvasHelper,ResetRenderDepth,0x13408DC,0x1340A74,0x1340A74,bl,#0x23f9438
YouYouCanvasHelper,ResetRenderDepth,0x13408DC,0x1340A78,0x1340A78,ldr,"x8, [x19, #0x20]"
YouYouCanvasHelper,ResetRenderDepth,0x13408DC,0x1340A7C,0x1340A7C,cbz,"x8, #0x1340b70"
YouYouCanvasHelper,ResetRenderDepth,0x13408DC,0x1340A80,0x1340A80,ldr,"x0, [x8, #0x40]"
YouYouCanvasHelper,ResetRenderDepth,0x13408DC,0x1340A84,0x1340A84,cbz,"x0, #0x1340b70"
YouYouCanvasHelper,ResetRenderDepth,0x13408DC,0x1340A88,0x1340A88,ldr,"x20, [x19, #0x28]"
YouYouCanvasHelper,ResetRenderDepth,0x13408DC,0x1340A8C,0x1340A8C,mov,"x1, xzr"
YouYouCanvasHelper,ResetRenderDepth,0x13408DC,0x1340A90,0x1340A90,bl,#0x23f9488
YouYouCanvasHelper,ResetRenderDepth,0x13408DC,0x1340A94,0x1340A94,cbz,"x20, #0x1340b70"
YouYouCanvasHelper,ResetRenderDepth,0x13408DC,0x1340A98,0x1340A98,ldr,"w8, [x19, #0x18]"
YouYouCanvasHelper,ResetRenderDepth,0x13408DC,0x1340A9C,0x1340A9C,mov,"x2, xzr"
YouYouCanvasHelper,ResetRenderDepth,0x13408DC,0x1340AA0,0x1340AA0,add,"w1, w8, w0"
YouYouCanvasHelper,ResetRenderDepth,0x13408DC,0x1340AA4,0x1340AA4,mov,"x0, x20"
YouYouCanvasHelper,ResetRenderDepth,0x13408DC,0x1340AA8,0x1340AA8,bl,#0x23f94c8
YouYouCanvasHelper,ResetRenderDepth,0x13408DC,0x1340AAC,0x1340AAC,mov,"x0, x19"
YouYouCanvasHelper,ResetRenderDepth,0x13408DC,0x1340AB0,0x1340AB0,mov,"x1, xzr"
YouYouCanvasHelper,ResetRenderDepth,0x13408DC,0x1340AB4,0x1340AB4,bl,#0x1323844
YouYouCanvasHelper,ResetRenderDepth,0x13408DC,0x1340AB8,0x1340AB8,cbz,"x0, #0x1340b70"
YouYouCanvasHelper,ResetRenderDepth,0x13408DC,0x1340ABC,0x1340ABC,adrp,"x8, #0x2fe1000"
YouYouCanvasHelper,ResetRenderDepth,0x13408DC,0x1340AC0,0x1340AC0,ldr,"x8, [x8, #0x520]"
YouYouCanvasHelper,ResetRenderDepth,0x13408DC,0x1340AC4,0x1340AC4,mov,"w1, #1"
YouYouCanvasHelper,ResetRenderDepth,0x13408DC,0x1340AC8,0x1340AC8,ldr,"x2, [x8]"
YouYouCanvasHelper,ResetRenderDepth,0x13408DC,0x1340ACC,0x1340ACC,bl,#0xcb9514
YouYouCanvasHelper,ResetRenderDepth,0x13408DC,0x1340AD0,0x1340AD0,cbz,"x0, #0x1340b70"
YouYouCanvasHelper,ResetRenderDepth,0x13408DC,0x1340AD4,0x1340AD4,ldr,"w8, [x0, #0x18]"
YouYouCanvasHelper,ResetRenderDepth,0x13408DC,0x1340AD8,0x1340AD8,mov,"x20, x0"
YouYouCanvasHelper,ResetRenderDepth,0x13408DC,0x1340ADC,0x1340ADC,cmp,"w8, #1"
YouYouCanvasHelper,ResetRenderDepth,0x13408DC,0x1340AE0,0x1340AE0,b.lt,#0x1340b60
YouYouCanvasHelper,ResetRenderDepth,0x13408DC,0x1340AE4,0x1340AE4,mov,"w22, wzr"
YouYouCanvasHelper,ResetRenderDepth,0x13408DC,0x1340AE8,0x1340AE8,cmp,"w22, w8"
YouYouCanvasHelper,ResetRenderDepth,0x13408DC,0x1340AEC,0x1340AEC,b.hs,#0x1340b74
YouYouCanvasHelper,ResetRenderDepth,0x13408DC,0x1340AF0,0x1340AF0,ldr,"x8, [x19, #0x20]"
YouYouCanvasHelper,ResetRenderDepth,0x13408DC,0x1340AF4,0x1340AF4,cbz,"x8, #0x1340b70"
YouYouCanvasHelper,ResetRenderDepth,0x13408DC,0x1340AF8,0x1340AF8,ldr,"x0, [x8, #0x40]"
YouYouCanvasHelper,ResetRenderDepth,0x13408DC,0x1340AFC,0x1340AFC,cbz,"x0, #0x1340b70"
YouYouCanvasHelper,ResetRenderDepth,0x13408DC,0x1340B00,0x1340B00,add,"x8, x20, w22, sxtw #3"
YouYouCanvasHelper,ResetRenderDepth,0x13408DC,0x1340B04,0x1340B04,ldr,"x21, [x8, #0x20]"
YouYouCanvasHelper,ResetRenderDepth,0x13408DC,0x1340B08,0x1340B08,mov,"x1, xzr"
YouYouCanvasHelper,ResetRenderDepth,0x13408DC,0x1340B0C,0x1340B0C,bl,#0x23f9708
YouYouCanvasHelper,ResetRenderDepth,0x13408DC,0x1340B10,0x1340B10,cbz,"x21, #0x1340b70"
YouYouCanvasHelper,ResetRenderDepth,0x13408DC,0x1340B14,0x1340B14,mov,"x1, x0"
YouYouCanvasHelper,ResetRenderDepth,0x13408DC,0x1340B18,0x1340B18,mov,"x0, x21"
YouYouCanvasHelper,ResetRenderDepth,0x13408DC,0x1340B1C,0x1340B1C,mov,"x2, xzr"
YouYouCanvasHelper,ResetRenderDepth,0x13408DC,0x1340B20,0x1340B20,bl,#0x12b2c94
YouYouCanvasHelper,ResetRenderDepth,0x13408DC,0x1340B24,0x1340B24,ldr,"x8, [x19, #0x20]"
YouYouCanvasHelper,ResetRenderDepth,0x13408DC,0x1340B28,0x1340B28,cbz,"x8, #0x1340b70"
YouYouCanvasHelper,ResetRenderDepth,0x13408DC,0x1340B2C,0x1340B2C,ldr,"x0, [x8, #0x40]"
YouYouCanvasHelper,ResetRenderDepth,0x13408DC,0x1340B30,0x1340B30,cbz,"x0, #0x1340b70"
YouYouCanvasHelper,ResetRenderDepth,0x13408DC,0x1340B34,0x1340B34,mov,"x1, xzr"
YouYouCanvasHelper,ResetRenderDepth,0x13408DC,0x1340B38,0x1340B38,bl,#0x23f9488
YouYouCanvasHelper,ResetRenderDepth,0x13408DC,0x1340B3C,0x1340B3C,ldr,"w8, [x19, #0x18]"
YouYouCanvasHelper,ResetRenderDepth,0x13408DC,0x1340B40,0x1340B40,mov,"x2, xzr"
YouYouCanvasHelper,ResetRenderDepth,0x13408DC,0x1340B44,0x1340B44,add,"w1, w8, w0"
YouYouCanvasHelper,ResetRenderDepth,0x13408DC,0x1340B48,0x1340B48,mov,"x0, x21"
YouYouCanvasHelper,ResetRenderDepth,0x13408DC,0x1340B4C,0x1340B4C,bl,#0x12b2db4
YouYouCanvasHelper,ResetRenderDepth,0x13408DC,0x1340B50,0x1340B50,ldr,"w8, [x20, #0x18]"
YouYouCanvasHelper,ResetRenderDepth,0x13408DC,0x1340B54,0x1340B54,add,"w22, w22, #1"
YouYouCanvasHelper,ResetRenderDepth,0x13408DC,0x1340B58,0x1340B58,cmp,"w22, w8"
YouYouCanvasHelper,ResetDepth,0x1340FC0,0x1340FC0,0x1340FC0,stp,"x22, x21, [sp, #-0x30]!"
YouYouCanvasHelper,ResetDepth,0x1340FC0,0x1340FC4,0x1340FC4,stp,"x20, x19, [sp, #0x10]"
YouYouCanvasHelper,ResetDepth,0x1340FC0,0x1340FC8,0x1340FC8,stp,"x29, x30, [sp, #0x20]"
YouYouCanvasHelper,ResetDepth,0x1340FC0,0x1340FCC,0x1340FCC,add,"x29, sp, #0x20"
YouYouCanvasHelper,ResetDepth,0x1340FC0,0x1340FD0,0x1340FD0,adrp,"x21, #0x31fb000"
YouYouCanvasHelper,ResetDepth,0x1340FC0,0x1340FD4,0x1340FD4,ldrb,"w8, [x21, #0xbe4]"
YouYouCanvasHelper,ResetDepth,0x1340FC0,0x1340FD8,0x1340FD8,mov,"w19, w1"
YouYouCanvasHelper,ResetDepth,0x1340FC0,0x1340FDC,0x1340FDC,mov,"x20, x0"
YouYouCanvasHelper,ResetDepth,0x1340FC0,0x1340FE0,0x1340FE0,tbnz,"w8, #0, #0x1341004"
YouYouCanvasHelper,ResetDepth,0x1340FC0,0x1340FE4,0x1340FE4,adrp,"x0, #0x2fe1000"
YouYouCanvasHelper,ResetDepth,0x1340FC0,0x1340FE8,0x1340FE8,ldr,"x0, [x0, #0x520]"
YouYouCanvasHelper,ResetDepth,0x1340FC0,0x1340FEC,0x1340FEC,bl,#0xa5ffc0
YouYouCanvasHelper,ResetDepth,0x1340FC0,0x1340FF0,0x1340FF0,adrp,"x0, #0x302c000"
YouYouCanvasHelper,ResetDepth,0x1340FC0,0x1340FF4,0x1340FF4,ldr,"x0, [x0, #0x6b0]"
YouYouCanvasHelper,ResetDepth,0x1340FC0,0x1340FF8,0x1340FF8,bl,#0xa5ffc0
YouYouCanvasHelper,ResetDepth,0x1340FC0,0x1340FFC,0x1340FFC,mov,"w8, #1"
YouYouCanvasHelper,ResetDepth,0x1340FC0,0x1341000,0x1341000,strb,"w8, [x21, #0xbe4]"
YouYouCanvasHelper,ResetDepth,0x1340FC0,0x1341004,0x1341004,mov,"w0, #0x144e"
YouYouCanvasHelper,ResetDepth,0x1340FC0,0x1341008,0x1341008,mov,"x1, xzr"
YouYouCanvasHelper,ResetDepth,0x1340FC0,0x134100C,0x134100C,bl,#0xedcd74
YouYouCanvasHelper,ResetDepth,0x1340FC0,0x1341010,0x1341010,tbz,"w0, #0, #0x1341040"
YouYouCanvasHelper,ResetDepth,0x1340FC0,0x1341014,0x1341014,mov,"w0, #0x144e"
YouYouCanvasHelper,ResetDepth,0x1340FC0,0x1341018,0x1341018,mov,"x1, xzr"
YouYouCanvasHelper,ResetDepth,0x1340FC0,0x134101C,0x134101C,bl,#0xedce44
YouYouCanvasHelper,ResetDepth,0x1340FC0,0x1341020,0x1341020,cbz,"x0, #0x1341160"
YouYouCanvasHelper,ResetDepth,0x1340FC0,0x1341024,0x1341024,mov,"x1, x20"
YouYouCanvasHelper,ResetDepth,0x1340FC0,0x1341028,0x1341028,mov,"w2, w19"
YouYouCanvasHelper,ResetDepth,0x1340FC0,0x134102C,0x134102C,ldp,"x29, x30, [sp, #0x20]"
YouYouCanvasHelper,ResetDepth,0x1340FC0,0x1341030,0x1341030,ldp,"x20, x19, [sp, #0x10]"
YouYouCanvasHelper,ResetDepth,0x1340FC0,0x1341034,0x1341034,mov,"x3, xzr"
YouYouCanvasHelper,ResetDepth,0x1340FC0,0x1341038,0x1341038,ldp,"x22, x21, [sp], #0x30"
YouYouCanvasHelper,ResetDepth,0x1340FC0,0x134103C,0x134103C,b,#0xac415c
YouYouCanvasHelper,ResetDepth,0x1340FC0,0x1341040,0x1341040,adrp,"x22, #0x302c000"
YouYouCanvasHelper,ResetDepth,0x1340FC0,0x1341044,0x1341044,ldr,"x22, [x22, #0x6b0]"
YouYouCanvasHelper,ResetDepth,0x1340FC0,0x1341048,0x1341048,ldr,"x21, [x20, #0x20]"
YouYouCanvasHelper,ResetDepth,0x1340FC0,0x134104C,0x134104C,ldr,"x0, [x22]"
YouYouCanvasHelper,ResetDepth,0x1340FC0,0x1341050,0x1341050,ldrb,"w8, [x0, #0x133]"
YouYouCanvasHelper,ResetDepth,0x1340FC0,0x1341054,0x1341054,tbz,"w8, #1, #0x1341064"
YouYouCanvasHelper,ResetDepth,0x1340FC0,0x1341058,0x1341058,ldr,"w8, [x0, #0xe0]"
YouYouCanvasHelper,ResetDepth,0x1340FC0,0x134105C,0x134105C,cbnz,"w8, #0x1341064"
YouYouCanvasHelper,ResetDepth,0x1340FC0,0x1341060,0x1341060,bl,#0xa60070
YouYouCanvasHelper,ResetDepth,0x1340FC0,0x1341064,0x1341064,mov,"x0, x21"
YouYouCanvasHelper,ResetDepth,0x1340FC0,0x1341068,0x1341068,mov,"x1, xzr"
YouYouCanvasHelper,ResetDepth,0x1340FC0,0x134106C,0x134106C,mov,"x2, xzr"
YouYouCanvasHelper,ResetDepth,0x1340FC0,0x1341070,0x1341070,bl,#0x167cfa4
YouYouCanvasHelper,ResetDepth,0x1340FC0,0x1341074,0x1341074,tbz,"w0, #0, #0x1341098"
YouYouCanvasHelper,ResetDepth,0x1340FC0,0x1341078,0x1341078,ldr,"x8, [x20, #0x20]"
YouYouCanvasHelper,ResetDepth,0x1340FC0,0x134107C,0x134107C,cbz,"x8, #0x1341160"
YouYouCanvasHelper,ResetDepth,0x1340FC0,0x1341080,0x1341080,ldr,"x0, [x8, #0x40]"
YouYouCanvasHelper,ResetDepth,0x1340FC0,0x1341084,0x1341084,cbz,"x0, #0x1341160"
YouYouCanvasHelper,ResetDepth,0x1340FC0,0x1341088,0x1341088,mov,"x1, xzr"
YouYouCanvasHelper,ResetDepth,0x1340FC0,0x134108C,0x134108C,bl,#0x23f9488
YouYouCanvasHelper,ResetDepth,0x1340FC0,0x1341090,0x1341090,mov,"w21, w0"
YouYouCanvasHelper,ResetDepth,0x1340FC0,0x1341094,0x1341094,b,#0x134109c
YouYouCanvasHelper,ResetDepth,0x1340FC0,0x1341098,0x1341098,mov,"w21, wzr"
YouYouCanvasHelper,ResetDepth,0x1340FC0,0x134109C,0x134109C,ldr,"x0, [x22]"
YouYouCanvasHelper,ResetDepth,0x1340FC0,0x13410A0,0x13410A0,ldr,"x22, [x20, #0x28]"
YouYouCanvasHelper,ResetDepth,0x1340FC0,0x13410A4,0x13410A4,ldrb,"w8, [x0, #0x133]"
YouYouCanvasHelper,ResetDepth,0x1340FC0,0x13410A8,0x13410A8,tbz,"w8, #1, #0x13410b8"
YouYouCanvasHelper,ResetDepth,0x1340FC0,0x13410AC,0x13410AC,ldr,"w8, [x0, #0xe0]"
YouYouCanvasHelper,ResetDepth,0x1340FC0,0x13410B0,0x13410B0,cbnz,"w8, #0x13410b8"
YouYouCanvasHelper,ResetDepth,0x1340FC0,0x13410B4,0x13410B4,bl,#0xa60070
YouYouCanvasHelper,ResetDepth,0x1340FC0,0x13410B8,0x13410B8,mov,"x0, x22"
YouYouCanvasHelper,ResetDepth,0x1340FC0,0x13410BC,0x13410BC,mov,"x1, xzr"
YouYouCanvasHelper,ResetDepth,0x1340FC0,0x13410C0,0x13410C0,mov,"x2, xzr"
YouYouCanvasHelper,ResetDepth,0x1340FC0,0x13410C4,0x13410C4,bl,#0x167cfa4
YouYouCanvasHelper,ResetDepth,0x1340FC0,0x13410C8,0x13410C8,tbz,"w0, #0, #0x13410e0"
YouYouCanvasHelper,ResetDepth,0x1340FC0,0x13410CC,0x13410CC,ldr,"x0, [x20, #0x28]"
YouYouCanvasHelper,ResetDepth,0x1340FC0,0x13410D0,0x13410D0,cbz,"x0, #0x1341160"
YouYouCanvasHelper,ResetDepth,0x1340FC0,0x13410D4,0x13410D4,add,"w1, w21, w19"
YouYouCanvasHelper,ResetDepth,0x1340FC0,0x13410D8,0x13410D8,mov,"x2, xzr"
YouYouCanvasHelper,ResetDepth,0x1340FC0,0x13410DC,0x13410DC,bl,#0x23f94c8
YouYouCanvasHelper,ResetDepth,0x1340FC0,0x13410E0,0x13410E0,mov,"x0, x20"
YouYouCanvasHelper,ResetDepth,0x1340FC0,0x13410E4,0x13410E4,mov,"x1, xzr"
YouYouCanvasHelper,ResetDepth,0x1340FC0,0x13410E8,0x13410E8,bl,#0x1323844
YouYouCanvasHelper,ResetDepth,0x1340FC0,0x13410EC,0x13410EC,cbz,"x0, #0x1341160"
YouYouCanvasHelper,ResetDepth,0x1340FC0,0x13410F0,0x13410F0,adrp,"x8, #0x2fe1000"
YouYouCanvasHelper,ResetDepth,0x1340FC0,0x13410F4,0x13410F4,ldr,"x8, [x8, #0x520]"
YouYouCanvasHelper,ResetDepth,0x1340FC0,0x13410F8,0x13410F8,mov,"w1, #1"
YouYouCanvasHelper,ResetDepth,0x1340FC0,0x13410FC,0x13410FC,ldr,"x2, [x8]"
YouYouCanvasHelper,ResetDepth,0x1340FC0,0x1341100,0x1341100,bl,#0xcb9514
YouYouCanvasHelper,ResetDepth,0x1340FC0,0x1341104,0x1341104,cbz,"x0, #0x1341160"
YouYouCanvasHelper,ResetDepth,0x1340FC0,0x1341108,0x1341108,ldr,"w8, [x0, #0x18]"
YouYouCanvasHelper,ResetDepth,0x1340FC0,0x134110C,0x134110C,mov,"x20, x0"
YouYouCanvasHelper,ResetDepth,0x1340FC0,0x1341110,0x1341110,cmp,"w8, #1"
YouYouCanvasHelper,ResetDepth,0x1340FC0,0x1341114,0x1341114,b.lt,#0x1341150
YouYouCanvasHelper,ResetDepth,0x1340FC0,0x1341118,0x1341118,mov,"w22, wzr"
YouYouCanvasHelper,ResetDepth,0x1340FC0,0x134111C,0x134111C,add,"w19, w21, w19"
YouYouCanvasHelper,ResetDepth,0x1340FC0,0x1341120,0x1341120,cmp,"w22, w8"
YouYouCanvasHelper,ResetDepth,0x1340FC0,0x1341124,0x1341124,b.hs,#0x1341164
YouYouCanvasHelper,ResetDepth,0x1340FC0,0x1341128,0x1341128,add,"x8, x20, w22, sxtw #3"
YouYouCanvasHelper,ResetDepth,0x1340FC0,0x134112C,0x134112C,ldr,"x0, [x8, #0x20]"
YouYouCanvasHelper,ResetDepth,0x1340FC0,0x1341130,0x1341130,cbz,"x0, #0x1341160"
YouYouCanvasHelper,ResetDepth,0x1340FC0,0x1341134,0x1341134,mov,"w1, w19"
YouYouCanvasHelper,ResetDepth,0x1340FC0,0x1341138,0x1341138,mov,"x2, xzr"
YouYouCanvasHelper,ResetDepth,0x1340FC0,0x134113C,0x134113C,bl,#0x12b2db4
YouYouCanvasHelper,ResetDepth,0x1340FC0,0x1341140,0x1341140,ldr,"w8, [x20, #0x18]"
YouYouCanvasHelper,ResetDepth,0x1340FC0,0x1341144,0x1341144,add,"w22, w22, #1"
YouYouCanvasHelper,ResetDepth,0x1340FC0,0x1341148,0x1341148,cmp,"w22, w8"
YouYouCanvasHelper,ResetDepth,0x1340FC0,0x134114C,0x134114C,b.lt,#0x1341120
YouYouCanvasHelper,ResetDepth,0x1340FC0,0x1341150,0x1341150,ldp,"x29, x30, [sp, #0x20]"
YouYouCanvasHelper,ResetDepth,0x1340FC0,0x1341154,0x1341154,ldp,"x20, x19, [sp, #0x10]"
YouYouCanvasHelper,ResetDepth,0x1340FC0,0x1341158,0x1341158,ldp,"x22, x21, [sp], #0x30"
YouYouCanvasHelper,ResetDepth,0x1340FC0,0x134115C,0x134115C,ret,
YouYouCanvasHelper,ResetDepth,0x1340FC0,0x1341160,0x1341160,bl,#0xa60094
YouYouCanvasHelper,ResetDepth,0x1340FC0,0x1341164,0x1341164,bl,#0xa600c0
YouYouCanvasHelper,ResetDepth,0x1340FC0,0x1341168,0x1341168,mov,"x1, xzr"
YouYouCanvasHelper,ResetDepth,0x1340FC0,0x134116C,0x134116C,bl,#0xa60060
YouYouCanvasHelper,ResetDepth,0x1340FC0,0x1341170,0x1341170,stp,"x20, x19, [sp, #-0x20]!"
YouYouCanvasHelper,ResetDepth,0x1340FC0,0x1341174,0x1341174,stp,"x29, x30, [sp, #0x10]"
YouYouCanvasHelper,ResetDepth,0x1340FC0,0x1341178,0x1341178,add,"x29, sp, #0x10"
YouYouCanvasHelper,ResetDepth,0x1340FC0,0x134117C,0x134117C,mov,"w19, w1"
YouYouCanvasHelper,ResetDepth,0x1340FC0,0x1341180,0x1341180,mov,"x20, x0"
YouYouCanvasHelper,ResetDepth,0x1340FC0,0x1341184,0x1341184,mov,"w0, #0x189f"
YouYouCanvasHelper,ResetDepth,0x1340FC0,0x1341188,0x1341188,mov,"x1, xzr"
YouYouCanvasHelper,ResetDepth,0x1340FC0,0x134118C,0x134118C,bl,#0xedcd74
YouYouCanvasHelper,ResetDepth,0x1340FC0,0x1341190,0x1341190,tbz,"w0, #0, #0x13411bc"
YouYouCanvasHelper,ResetDepth,0x1340FC0,0x1341194,0x1341194,mov,"w0, #0x189f"
YouYouCanvasHelper,ResetDepth,0x1340FC0,0x1341198,0x1341198,mov,"x1, xzr"
YouYouCanvasHelper,ResetDepth,0x1340FC0,0x134119C,0x134119C,bl,#0xedce44
YouYouCanvasHelper,ResetDepth,0x1340FC0,0x13411A0,0x13411A0,cbz,"x0, #0x13411d0"
YouYouCanvasHelper,ResetDepth,0x1340FC0,0x13411A4,0x13411A4,ldp,"x29, x30, [sp, #0x10]"
YouYouCanvasHelper,ResetDepth,0x1340FC0,0x13411A8,0x13411A8,mov,"x1, x20"
YouYouCanvasHelper,ResetDepth,0x1340FC0,0x13411AC,0x13411AC,mov,"w2, w19"
YouYouCanvasHelper,ResetDepth,0x1340FC0,0x13411B0,0x13411B0,mov,"x3, xzr"
YouYouCanvasHelper,ResetDepth,0x1340FC0,0x13411B4,0x13411B4,ldp,"x20, x19, [sp], #0x20"
YouYouCanvasHelper,ResetDepth,0x1340FC0,0x13411B8,0x13411B8,b,#0xac415c
YouYouCanvasHelper,ResetDepth,0x1340FC0,0x13411BC,0x13411BC,str,"w19, [x20, #0x18]"
YouYouCanvasHelper,OnDepthChanged,0x1340F60,0x1340F60,0x1340F60,stp,"x20, x19, [sp, #-0x20]!"
YouYouCanvasHelper,OnDepthChanged,0x1340F60,0x1340F64,0x1340F64,stp,"x29, x30, [sp, #0x10]"
YouYouCanvasHelper,OnDepthChanged,0x1340F60,0x1340F68,0x1340F68,add,"x29, sp, #0x10"
YouYouCanvasHelper,OnDepthChanged,0x1340F60,0x1340F6C,0x1340F6C,mov,"w19, w1"
YouYouCanvasHelper,OnDepthChanged,0x1340F60,0x1340F70,0x1340F70,mov,"x20, x0"
YouYouCanvasHelper,OnDepthChanged,0x1340F60,0x1340F74,0x1340F74,mov,"w0, #0x189a"
YouYouCanvasHelper,OnDepthChanged,0x1340F60,0x1340F78,0x1340F78,mov,"x1, xzr"
YouYouCanvasHelper,OnDepthChanged,0x1340F60,0x1340F7C,0x1340F7C,bl,#0xedcd74
YouYouCanvasHelper,OnDepthChanged,0x1340F60,0x1340F80,0x1340F80,tbz,"w0, #0, #0x1340fac"
YouYouCanvasHelper,OnDepthChanged,0x1340F60,0x1340F84,0x1340F84,mov,"w0, #0x189a"
YouYouCanvasHelper,OnDepthChanged,0x1340F60,0x1340F88,0x1340F88,mov,"x1, xzr"
YouYouCanvasHelper,OnDepthChanged,0x1340F60,0x1340F8C,0x1340F8C,bl,#0xedce44
YouYouCanvasHelper,OnDepthChanged,0x1340F60,0x1340F90,0x1340F90,cbz,"x0, #0x1340fbc"
YouYouCanvasHelper,OnDepthChanged,0x1340F60,0x1340F94,0x1340F94,ldp,"x29, x30, [sp, #0x10]"
YouYouCanvasHelper,OnDepthChanged,0x1340F60,0x1340F98,0x1340F98,mov,"x1, x20"
YouYouCanvasHelper,OnDepthChanged,0x1340F60,0x1340F9C,0x1340F9C,mov,"w2, w19"
YouYouCanvasHelper,OnDepthChanged,0x1340F60,0x1340FA0,0x1340FA0,mov,"x3, xzr"
YouYouCanvasHelper,OnDepthChanged,0x1340F60,0x1340FA4,0x1340FA4,ldp,"x20, x19, [sp], #0x20"
YouYouCanvasHelper,OnDepthChanged,0x1340F60,0x1340FA8,0x1340FA8,b,#0xac415c
YouYouCanvasHelper,OnDepthChanged,0x1340F60,0x1340FAC,0x1340FAC,ldp,"x29, x30, [sp, #0x10]"
YouYouCanvasHelper,OnDepthChanged,0x1340F60,0x1340FB0,0x1340FB0,mov,"x0, x20"
YouYouCanvasHelper,OnDepthChanged,0x1340F60,0x1340FB4,0x1340FB4,ldp,"x20, x19, [sp], #0x20"
YouYouCanvasHelper,OnDepthChanged,0x1340F60,0x1340FB8,0x1340FB8,b,#0x13408dc
YouYouCanvasHelper,OnDepthChanged,0x1340F60,0x1340FBC,0x1340FBC,bl,#0xa60094
YouYouCanvasHelper,OnDepthChanged,0x1340F60,0x1340FC0,0x1340FC0,stp,"x22, x21, [sp, #-0x30]!"
YouYouCanvasHelper,OnDepthChanged,0x1340F60,0x1340FC4,0x1340FC4,stp,"x20, x19, [sp, #0x10]"
YouYouCanvasHelper,OnDepthChanged,0x1340F60,0x1340FC8,0x1340FC8,stp,"x29, x30, [sp, #0x20]"
YouYouCanvasHelper,OnDepthChanged,0x1340F60,0x1340FCC,0x1340FCC,add,"x29, sp, #0x20"
YouYouCanvasHelper,OnDepthChanged,0x1340F60,0x1340FD0,0x1340FD0,adrp,"x21, #0x31fb000"
YouYouCanvasHelper,OnDepthChanged,0x1340F60,0x1340FD4,0x1340FD4,ldrb,"w8, [x21, #0xbe4]"
YouYouCanvasHelper,OnDepthChanged,0x1340F60,0x1340FD8,0x1340FD8,mov,"w19, w1"
YouYouCanvasHelper,OnDepthChanged,0x1340F60,0x1340FDC,0x1340FDC,mov,"x20, x0"
YouYouCanvasHelper,OnDepthChanged,0x1340F60,0x1340FE0,0x1340FE0,tbnz,"w8, #0, #0x1341004"
YouYouCanvasHelper,OnDepthChanged,0x1340F60,0x1340FE4,0x1340FE4,adrp,"x0, #0x2fe1000"
YouYouCanvasHelper,OnDepthChanged,0x1340F60,0x1340FE8,0x1340FE8,ldr,"x0, [x0, #0x520]"
YouYouCanvasHelper,OnDepthChanged,0x1340F60,0x1340FEC,0x1340FEC,bl,#0xa5ffc0
YouYouCanvasHelper,OnDepthChanged,0x1340F60,0x1340FF0,0x1340FF0,adrp,"x0, #0x302c000"
YouYouCanvasHelper,OnDepthChanged,0x1340F60,0x1340FF4,0x1340FF4,ldr,"x0, [x0, #0x6b0]"
YouYouCanvasHelper,OnDepthChanged,0x1340F60,0x1340FF8,0x1340FF8,bl,#0xa5ffc0
YouYouCanvasHelper,OnDepthChanged,0x1340F60,0x1340FFC,0x1340FFC,mov,"w8, #1"
YouYouCanvasHelper,OnDepthChanged,0x1340F60,0x1341000,0x1341000,strb,"w8, [x21, #0xbe4]"
YouYouCanvasHelper,OnDepthChanged,0x1340F60,0x1341004,0x1341004,mov,"w0, #0x144e"
YouYouCanvasHelper,OnDepthChanged,0x1340F60,0x1341008,0x1341008,mov,"x1, xzr"
YouYouCanvasHelper,OnDepthChanged,0x1340F60,0x134100C,0x134100C,bl,#0xedcd74
YouYouCanvasHelper,OnDepthChanged,0x1340F60,0x1341010,0x1341010,tbz,"w0, #0, #0x1341040"
YouYouCanvasHelper,OnDepthChanged,0x1340F60,0x1341014,0x1341014,mov,"w0, #0x144e"
YouYouCanvasHelper,OnDepthChanged,0x1340F60,0x1341018,0x1341018,mov,"x1, xzr"
YouYouCanvasHelper,OnDepthChanged,0x1340F60,0x134101C,0x134101C,bl,#0xedce44
YouYouUIManager,SetSortingOrder,0xFE1BA4,0xFE1BA4,0xFE1BA4,str,"x21, [sp, #-0x30]!"
YouYouUIManager,SetSortingOrder,0xFE1BA4,0xFE1BA8,0xFE1BA8,stp,"x20, x19, [sp, #0x10]"
YouYouUIManager,SetSortingOrder,0xFE1BA4,0xFE1BAC,0xFE1BAC,stp,"x29, x30, [sp, #0x20]"
YouYouUIManager,SetSortingOrder,0xFE1BA4,0xFE1BB0,0xFE1BB0,add,"x29, sp, #0x20"
YouYouUIManager,SetSortingOrder,0xFE1BA4,0xFE1BB4,0xFE1BB4,mov,"x19, x1"
YouYouUIManager,SetSortingOrder,0xFE1BA4,0xFE1BB8,0xFE1BB8,mov,"x21, x0"
YouYouUIManager,SetSortingOrder,0xFE1BA4,0xFE1BBC,0xFE1BBC,mov,"w0, #0x12ac"
YouYouUIManager,SetSortingOrder,0xFE1BA4,0xFE1BC0,0xFE1BC0,mov,"x1, xzr"
YouYouUIManager,SetSortingOrder,0xFE1BA4,0xFE1BC4,0xFE1BC4,mov,"w20, w2"
YouYouUIManager,SetSortingOrder,0xFE1BA4,0xFE1BC8,0xFE1BC8,bl,#0xedcd74
YouYouUIManager,SetSortingOrder,0xFE1BA4,0xFE1BCC,0xFE1BCC,tbz,"w0, #0, #0xfe1c00"
YouYouUIManager,SetSortingOrder,0xFE1BA4,0xFE1BD0,0xFE1BD0,mov,"w0, #0x12ac"
YouYouUIManager,SetSortingOrder,0xFE1BA4,0xFE1BD4,0xFE1BD4,mov,"x1, xzr"
YouYouUIManager,SetSortingOrder,0xFE1BA4,0xFE1BD8,0xFE1BD8,bl,#0xedce44
YouYouUIManager,SetSortingOrder,0xFE1BA4,0xFE1BDC,0xFE1BDC,cbz,"x0, #0xfe1c24"
YouYouUIManager,SetSortingOrder,0xFE1BA4,0xFE1BE0,0xFE1BE0,and,"w3, w20, #1"
YouYouUIManager,SetSortingOrder,0xFE1BA4,0xFE1BE4,0xFE1BE4,mov,"x2, x19"
YouYouUIManager,SetSortingOrder,0xFE1BA4,0xFE1BE8,0xFE1BE8,ldp,"x29, x30, [sp, #0x20]"
YouYouUIManager,SetSortingOrder,0xFE1BA4,0xFE1BEC,0xFE1BEC,ldp,"x20, x19, [sp, #0x10]"
YouYouUIManager,SetSortingOrder,0xFE1BA4,0xFE1BF0,0xFE1BF0,mov,"x1, x21"
YouYouUIManager,SetSortingOrder,0xFE1BA4,0xFE1BF4,0xFE1BF4,mov,"x4, xzr"
YouYouUIManager,SetSortingOrder,0xFE1BA4,0xFE1BF8,0xFE1BF8,ldr,"x21, [sp], #0x30"
YouYouUIManager,SetSortingOrder,0xFE1BA4,0xFE1BFC,0xFE1BFC,b,#0xaf5844
YouYouUIManager,SetSortingOrder,0xFE1BA4,0xFE1C00,0xFE1C00,ldr,"x0, [x21, #0x20]"
YouYouUIManager,SetSortingOrder,0xFE1BA4,0xFE1C04,0xFE1C04,cbz,"x0, #0xfe1c24"
YouYouUIManager,SetSortingOrder,0xFE1BA4,0xFE1C08,0xFE1C08,and,"w2, w20, #1"
YouYouUIManager,SetSortingOrder,0xFE1BA4,0xFE1C0C,0xFE1C0C,mov,"x1, x19"
YouYouUIManager,SetSortingOrder,0xFE1BA4,0xFE1C10,0xFE1C10,ldp,"x29, x30, [sp, #0x20]"
YouYouUIManager,SetSortingOrder,0xFE1BA4,0xFE1C14,0xFE1C14,ldp,"x20, x19, [sp, #0x10]"
YouYouUIManager,SetSortingOrder,0xFE1BA4,0xFE1C18,0xFE1C18,mov,"x3, xzr"
YouYouUIManager,SetSortingOrder,0xFE1BA4,0xFE1C1C,0xFE1C1C,ldr,"x21, [sp], #0x30"
YouYouUIManager,SetSortingOrder,0xFE1BA4,0xFE1C20,0xFE1C20,b,#0xdcac7c
YouYouUIManager,SetSortingOrder,0xFE1BA4,0xFE1C24,0xFE1C24,bl,#0xa60094
YouYouUIManager,SetSortingOrder,0xFE1BA4,0xFE1C28,0xFE1C28,str,"x19, [sp, #-0x20]!"
YouYouUIManager,SetSortingOrder,0xFE1BA4,0xFE1C2C,0xFE1C2C,stp,"x29, x30, [sp, #0x10]"
YouYouUIManager,SetSortingOrder,0xFE1BA4,0xFE1C30,0xFE1C30,add,"x29, sp, #0x10"
YouYouUIManager,SetSortingOrder,0xFE1BA4,0xFE1C34,0xFE1C34,mov,"x19, x0"
YouYouUIManager,SetSortingOrder,0xFE1BA4,0xFE1C38,0xFE1C38,mov,"w0, #0x12b3"
YouYouUIManager,SetSortingOrder,0xFE1BA4,0xFE1C3C,0xFE1C3C,mov,"x1, xzr"
YouYouUIManager,SetSortingOrder,0xFE1BA4,0xFE1C40,0xFE1C40,bl,#0xedcd74
YouYouUIManager,SetSortingOrder,0xFE1BA4,0xFE1C44,0xFE1C44,tbz,"w0, #0, #0xfe1c6c"
YouYouUIManager,SetSortingOrder,0xFE1BA4,0xFE1C48,0xFE1C48,mov,"w0, #0x12b3"
YouYouUIManager,SetSortingOrder,0xFE1BA4,0xFE1C4C,0xFE1C4C,mov,"x1, xzr"
YouYouUIManager,SetSortingOrder,0xFE1BA4,0xFE1C50,0xFE1C50,bl,#0xedce44
YouYouUIManager,SetSortingOrder,0xFE1BA4,0xFE1C54,0xFE1C54,cbz,"x0, #0xfe1c84"
YouYouUIManager,SetSortingOrder,0xFE1BA4,0xFE1C58,0xFE1C58,ldp,"x29, x30, [sp, #0x10]"
YouYouUIManager,SetSortingOrder,0xFE1BA4,0xFE1C5C,0xFE1C5C,mov,"x1, x19"
YouYouUIManager,SetSortingOrder,0xFE1BA4,0xFE1C60,0xFE1C60,mov,"x2, xzr"
UILayer,SetSortingOrder,0xDCAC7C,0xDCAC7C,0xDCAC7C,sub,"sp, sp, #0x40"
UILayer,SetSortingOrder,0xDCAC7C,0xDCAC80,0xDCAC80,stp,"x22, x21, [sp, #0x10]"
UILayer,SetSortingOrder,0xDCAC7C,0xDCAC84,0xDCAC84,stp,"x20, x19, [sp, #0x20]"
UILayer,SetSortingOrder,0xDCAC7C,0xDCAC88,0xDCAC88,stp,"x29, x30, [sp, #0x30]"
UILayer,SetSortingOrder,0xDCAC7C,0xDCAC8C,0xDCAC8C,add,"x29, sp, #0x30"
UILayer,SetSortingOrder,0xDCAC7C,0xDCAC90,0xDCAC90,adrp,"x22, #0x31f7000"
UILayer,SetSortingOrder,0xDCAC7C,0xDCAC94,0xDCAC94,ldrb,"w8, [x22, #0xffc]"
UILayer,SetSortingOrder,0xDCAC7C,0xDCAC98,0xDCAC98,mov,"w21, w2"
UILayer,SetSortingOrder,0xDCAC7C,0xDCAC9C,0xDCAC9C,mov,"x19, x1"
UILayer,SetSortingOrder,0xDCAC7C,0xDCACA0,0xDCACA0,mov,"x20, x0"
UILayer,SetSortingOrder,0xDCAC7C,0xDCACA4,0xDCACA4,tbnz,"w8, #0, #0xdcace0"
UILayer,SetSortingOrder,0xDCAC7C,0xDCACA8,0xDCACA8,adrp,"x0, #0x303a000"
UILayer,SetSortingOrder,0xDCAC7C,0xDCACAC,0xDCACAC,ldr,"x0, [x0, #0x6d8]"
UILayer,SetSortingOrder,0xDCAC7C,0xDCACB0,0xDCACB0,bl,#0xa5ffc0
UILayer,SetSortingOrder,0xDCAC7C,0xDCACB4,0xDCACB4,adrp,"x0, #0x300a000"
UILayer,SetSortingOrder,0xDCAC7C,0xDCACB8,0xDCACB8,ldr,"x0, [x0, #0x8e0]"
UILayer,SetSortingOrder,0xDCAC7C,0xDCACBC,0xDCACBC,bl,#0xa5ffc0
UILayer,SetSortingOrder,0xDCAC7C,0xDCACC0,0xDCACC0,adrp,"x0, #0x2ffd000"
UILayer,SetSortingOrder,0xDCAC7C,0xDCACC4,0xDCACC4,ldr,"x0, [x0, #0x6c0]"
UILayer,SetSortingOrder,0xDCAC7C,0xDCACC8,0xDCACC8,bl,#0xa5ffc0
UILayer,SetSortingOrder,0xDCAC7C,0xDCACCC,0xDCACCC,adrp,"x0, #0x302c000"
UILayer,SetSortingOrder,0xDCAC7C,0xDCACD0,0xDCACD0,ldr,"x0, [x0, #0x6b0]"
UILayer,SetSortingOrder,0xDCAC7C,0xDCACD4,0xDCACD4,bl,#0xa5ffc0
UILayer,SetSortingOrder,0xDCAC7C,0xDCACD8,0xDCACD8,mov,"w8, #1"
UILayer,SetSortingOrder,0xDCAC7C,0xDCACDC,0xDCACDC,strb,"w8, [x22, #0xffc]"
UILayer,SetSortingOrder,0xDCAC7C,0xDCACE0,0xDCACE0,mov,"w0, #0x12ad"
UILayer,SetSortingOrder,0xDCAC7C,0xDCACE4,0xDCACE4,mov,"x1, xzr"
UILayer,SetSortingOrder,0xDCAC7C,0xDCACE8,0xDCACE8,strh,"wzr, [sp, #0xc]"
UILayer,SetSortingOrder,0xDCAC7C,0xDCACEC,0xDCACEC,bl,#0xedcd74
UILayer,SetSortingOrder,0xDCAC7C,0xDCACF0,0xDCACF0,tbz,"w0, #0, #0xdcad1c"
UILayer,SetSortingOrder,0xDCAC7C,0xDCACF4,0xDCACF4,mov,"w0, #0x12ad"
UILayer,SetSortingOrder,0xDCAC7C,0xDCACF8,0xDCACF8,mov,"x1, xzr"
UILayer,SetSortingOrder,0xDCAC7C,0xDCACFC,0xDCACFC,bl,#0xedce44
UILayer,SetSortingOrder,0xDCAC7C,0xDCAD00,0xDCAD00,cbz,"x0, #0xdcaeb4"
UILayer,SetSortingOrder,0xDCAC7C,0xDCAD04,0xDCAD04,and,"w3, w21, #1"
UILayer,SetSortingOrder,0xDCAC7C,0xDCAD08,0xDCAD08,mov,"x1, x20"
UILayer,SetSortingOrder,0xDCAC7C,0xDCAD0C,0xDCAD0C,mov,"x2, x19"
UILayer,SetSortingOrder,0xDCAC7C,0xDCAD10,0xDCAD10,mov,"x4, xzr"
UILayer,SetSortingOrder,0xDCAC7C,0xDCAD14,0xDCAD14,bl,#0xaf5844
UILayer,SetSortingOrder,0xDCAC7C,0xDCAD18,0xDCAD18,b,#0xdcae58
UILayer,SetSortingOrder,0xDCAC7C,0xDCAD1C,0xDCAD1C,strh,"wzr, [sp, #0xc]"
UILayer,SetSortingOrder,0xDCAC7C,0xDCAD20,0xDCAD20,cbz,"x19, #0xdcaeb4"
UILayer,SetSortingOrder,0xDCAC7C,0xDCAD24,0xDCAD24,ldr,"x0, [x20, #0x10]"
UILayer,SetSortingOrder,0xDCAC7C,0xDCAD28,0xDCAD28,cbz,"x0, #0xdcaeb4"
UILayer,SetSortingOrder,0xDCAC7C,0xDCAD2C,0xDCAD2C,adrp,"x8, #0x303a000"
UILayer,SetSortingOrder,0xDCAC7C,0xDCAD30,0xDCAD30,ldr,"x8, [x8, #0x6d8]"
UILayer,SetSortingOrder,0xDCAC7C,0xDCAD34,0xDCAD34,ldrb,"w1, [x19, #0x38]"
UILayer,SetSortingOrder,0xDCAC7C,0xDCAD38,0xDCAD38,add,"x2, sp, #0xc"
UILayer,SetSortingOrder,0xDCAC7C,0xDCAD3C,0xDCAD3C,ldr,"x3, [x8]"
UILayer,SetSortingOrder,0xDCAC7C,0xDCAD40,0xDCAD40,bl,#0x155c158
UILayer,SetSortingOrder,0xDCAC7C,0xDCAD44,0xDCAD44,tbz,"w0, #0, #0xdcae58"
UILayer,SetSortingOrder,0xDCAC7C,0xDCAD48,0xDCAD48,ldr,"x22, [x20, #0x10]"
UILayer,SetSortingOrder,0xDCAC7C,0xDCAD4C,0xDCAD4C,tbz,"w21, #0, #0xdcad90"
UILayer,SetSortingOrder,0xDCAC7C,0xDCAD50,0xDCAD50,cbz,"x22, #0xdcaeb4"
UILayer,SetSortingOrder,0xDCAC7C,0xDCAD54,0xDCAD54,adrp,"x8, #0x300a000"
UILayer,SetSortingOrder,0xDCAC7C,0xDCAD58,0xDCAD58,ldrb,"w21, [x19, #0x38]"
UILayer,SetSortingOrder,0xDCAC7C,0xDCAD5C,0xDCAD5C,ldr,"x8, [x8, #0x8e0]"
UILayer,SetSortingOrder,0xDCAC7C,0xDCAD60,0xDCAD60,mov,"x0, x22"
UILayer,SetSortingOrder,0xDCAC7C,0xDCAD64,0xDCAD64,mov,"w1, w21"
UILayer,SetSortingOrder,0xDCAC7C,0xDCAD68,0xDCAD68,ldr,"x2, [x8]"
UILayer,SetSortingOrder,0xDCAC7C,0xDCAD6C,0xDCAD6C,bl,#0x155a4a0
UILayer,SetSortingOrder,0xDCAC7C,0xDCAD70,0xDCAD70,adrp,"x8, #0x2ffd000"
UILayer,SetSortingOrder,0xDCAC7C,0xDCAD74,0xDCAD74,ldr,"x8, [x8, #0x6c0]"
UILayer,SetSortingOrder,0xDCAC7C,0xDCAD78,0xDCAD78,add,"w2, w0, #0x64"
UILayer,SetSortingOrder,0xDCAC7C,0xDCAD7C,0xDCAD7C,mov,"x0, x22"
UILayer,SetSortingOrder,0xDCAC7C,0xDCAD80,0xDCAD80,mov,"w1, w21"
UILayer,SetSortingOrder,0xDCAC7C,0xDCAD84,0xDCAD84,ldr,"x3, [x8]"
UILayer,SetSortingOrder,0xDCAC7C,0xDCAD88,0xDCAD88,bl,#0x155a53c
UILayer,SetSortingOrder,0xDCAC7C,0xDCAD8C,0xDCAD8C,b,#0xdcae24
UILayer,SetSortingOrder,0xDCAC7C,0xDCAD90,0xDCAD90,cbz,"x22, #0xdcaeb4"
UILayer,SetSortingOrder,0xDCAC7C,0xDCAD94,0xDCAD94,adrp,"x8, #0x300a000"
UILayer,SetSortingOrder,0xDCAC7C,0xDCAD98,0xDCAD98,ldr,"w21, [x19, #0x58]"
UILayer,SetSortingOrder,0xDCAC7C,0xDCAD9C,0xDCAD9C,ldr,"x8, [x8, #0x8e0]"
UILayer,SetSortingOrder,0xDCAC7C,0xDCADA0,0xDCADA0,ldrb,"w1, [x19, #0x38]"
UILayer,SetSortingOrder,0xDCAC7C,0xDCADA4,0xDCADA4,mov,"x0, x22"
UILayer,SetSortingOrder,0xDCAC7C,0xDCADA8,0xDCADA8,ldr,"x2, [x8]"
UILayer,SetSortingOrder,0xDCAC7C,0xDCADAC,0xDCADAC,bl,#0x155a4a0
UILayer,SetSortingOrder,0xDCAC7C,0xDCADB0,0xDCADB0,cmp,"w21, w0, uxth"
UILayer,SetSortingOrder,0xDCAC7C,0xDCADB4,0xDCADB4,b.ne,#0xdcae24
UILayer,SetSortingOrder,0xDCAC7C,0xDCADB8,0xDCADB8,ldr,"x0, [x20, #0x20]"
UILayer,SetSortingOrder,0xDCAC7C,0xDCADBC,0xDCADBC,cbz,"x0, #0xdcaeb4"
UILayer,SetSortingOrder,0xDCAC7C,0xDCADC0,0xDCADC0,ldrb,"w1, [x19, #0x38]"
UILayer,SetSortingOrder,0xDCAC7C,0xDCADC4,0xDCADC4,mov,"x2, xzr"
UILayer,SetSortingOrder,0xDCAC7C,0xDCADC8,0xDCADC8,bl,#0xfe38a4
UILayer,SetSortingOrder,0xDCAC7C,0xDCADCC,0xDCADCC,adrp,"x8, #0x302c000"
UILayer,SetSortingOrder,0xDCAC7C,0xDCADD0,0xDCADD0,ldr,"x8, [x8, #0x6b0]"
UILayer,SetSortingOrder,0xDCAC7C,0xDCADD4,0xDCADD4,mov,"x21, x0"
UILayer,SetSortingOrder,0xDCAC7C,0xDCADD8,0xDCADD8,ldr,"x8, [x8]"
UILayer,SetSortingOrder,0xDCAC7C,0xDCADDC,0xDCADDC,ldrb,"w9, [x8, #0x133]"
UILayer,SetSortingOrder,0xDCAC7C,0xDCADE0,0xDCADE0,tbz,"w9, #1, #0xdcadf4"
UILayer,SetSortingOrder,0xDCAC7C,0xDCADE4,0xDCADE4,ldr,"w9, [x8, #0xe0]"
UILayer,SetSortingOrder,0xDCAC7C,0xDCADE8,0xDCADE8,cbnz,"w9, #0xdcadf4"
UILayer,SetSortingOrder,0xDCAC7C,0xDCADEC,0xDCADEC,mov,"x0, x8"
UILayer,SetSortingOrder,0xDCAC7C,0xDCADF0,0xDCADF0,bl,#0xa60070
UILayer,SetSortingOrder,0xDCAC7C,0xDCADF4,0xDCADF4,mov,"x0, x21"
UILayer,SetSortingOrder,0xDCAC7C,0xDCADF8,0xDCADF8,mov,"x1, xzr"
UILayer,SetSortingOrder,0xDCAC7C,0xDCADFC,0xDCADFC,bl,#0x167c0c4
UILayer,SetSortingOrder,0xDCAC7C,0xDCAE00,0xDCAE00,tbz,"w0, #0, #0xdcae6c"
UILayer,SetSortingOrder,0xDCAC7C,0xDCAE04,0xDCAE04,cbz,"x21, #0xdcaeb4"
UILayer,SetSortingOrder,0xDCAC7C,0xDCAE08,0xDCAE08,ldr,"x0, [x20, #0x10]"
UILayer,SetSortingOrder,0xDCAC7C,0xDCAE0C,0xDCAE0C,cbz,"x0, #0xdcaeb4"
UILayer,SetSortingOrder,0xDCAC7C,0xDCAE10,0xDCAE10,adrp,"x8, #0x2ffd000"
UILayer,SetSortingOrder,0xDCAC7C,0xDCAE14,0xDCAE14,ldrb,"w1, [x19, #0x38]"
UILayer,SetSortingOrder,0xDCAC7C,0xDCAE18,0xDCAE18,ldr,"w2, [x21, #0x58]"
UILayer,SetSortingOrder,0xDCAC7C,0xDCAE1C,0xDCAE1C,ldr,"x8, [x8, #0x6c0]"
UILayer,SetSortingOrder,0xDCAC7C,0xDCAE20,0xDCAE20,b,#0xdcad84
UILayer,SetSortingOrder,0xDCAC7C,0xDCAE24,0xDCAE24,ldr,"x0, [x20, #0x10]"
UILayer,SetSortingOrder,0xDCAC7C,0xDCAE28,0xDCAE28,cbz,"x0, #0xdcaeb4"
UILayer,SetSortingOrder,0xDCAC7C,0xDCAE2C,0xDCAE2C,adrp,"x8, #0x300a000"
UILayer,SetSortingOrder,0xDCAC7C,0xDCAE30,0xDCAE30,ldr,"x20, [x19, #0x40]"
UILayer,SetSortingOrder,0xDCAC7C,0xDCAE34,0xDCAE34,ldr,"x8, [x8, #0x8e0]"
UILayer,SetSortingOrder,0xDCAC7C,0xDCAE38,0xDCAE38,ldrb,"w1, [x19, #0x38]"
UILayer,SetSortingOrder,0xDCAC7C,0xDCAE3C,0xDCAE3C,ldr,"x2, [x8]"
UILayer,SetSortingOrder,0xDCAC7C,0xDCAE40,0xDCAE40,bl,#0x155a4a0
UILayer,SetSortingOrder,0xDCAC7C,0xDCAE44,0xDCAE44,cbz,"x20, #0xdcaeb4"
UILayer,SetSortingOrder,0xDCAC7C,0xDCAE48,0xDCAE48,and,"w1, w0, #0xffff"
UILayer,SetSortingOrder,0xDCAC7C,0xDCAE4C,0xDCAE4C,mov,"x0, x20"
UILayer,SetSortingOrder,0xDCAC7C,0xDCAE50,0xDCAE50,mov,"x2, xzr"
UILayer,SetSortingOrder,0xDCAC7C,0xDCAE54,0xDCAE54,bl,#0x23f94c8
UILayer,SetSortingOrder,0xDCAC7C,0xDCAE58,0xDCAE58,ldp,"x29, x30, [sp, #0x30]"
UILayer,SetSortingOrder,0xDCAC7C,0xDCAE5C,0xDCAE5C,ldp,"x20, x19, [sp, #0x20]"
UILayer,SetSortingOrder,0xDCAC7C,0xDCAE60,0xDCAE60,ldp,"x22, x21, [sp, #0x10]"
UILayer,SetSortingOrder,0xDCAC7C,0xDCAE64,0xDCAE64,add,"sp, sp, #0x40"
UILayer,SetSortingOrder,0xDCAC7C,0xDCAE68,0xDCAE68,ret,
UILayer,SetSortingOrder,0xDCAC7C,0xDCAE6C,0xDCAE6C,ldrb,"w1, [x19, #0x38]"
UILayer,SetSortingOrder,0xDCAC7C,0xDCAE70,0xDCAE70,mov,"x0, x20"
UILayer,SetSortingOrder,0xDCAC7C,0xDCAE74,0xDCAE74,bl,#0xdcaeb8
UILayer,SetSortingOrder,0xDCAC7C,0xDCAE78,0xDCAE78,ldr,"x8, [x20, #0x10]"
UILayer,SetSortingOrder,0xDCAC7C,0xDCAE7C,0xDCAE7C,ldrb,"w1, [x19, #0x38]"
UILayer,SetSortingOrder,0xDCAC7C,0xDCAE80,0xDCAE80,cbz,"x0, #0xdcae98"
UILayer,SetSortingOrder,0xDCAC7C,0xDCAE84,0xDCAE84,cbz,"x8, #0xdcaeb4"
UILayer,SetSortingOrder,0xDCAC7C,0xDCAE88,0xDCAE88,adrp,"x9, #0x2ffd000"
UILayer,SetSortingOrder,0xDCAC7C,0xDCAE8C,0xDCAE8C,ldr,"x9, [x9, #0x6c0]"
UILayer,SetSortingOrder,0xDCAC7C,0xDCAE90,0xDCAE90,ldrh,"w2, [x0, #0x12]"
UILayer,SetSortingOrder,0xDCAC7C,0xDCAE94,0xDCAE94,b,#0xdcaea8
UILayer,SetSortingOrder,0xDCAC7C,0xDCAE98,0xDCAE98,cbz,"x8, #0xdcaeb4"
UILayer,SetSortingOrder,0xDCAC7C,0xDCAE9C,0xDCAE9C,adrp,"x9, #0x2ffd000"
UILayer,SetSortingOrder,0xDCAC7C,0xDCAEA0,0xDCAEA0,ldr,"x9, [x9, #0x6c0]"
UILayer,SetSortingOrder,0xDCAC7C,0xDCAEA4,0xDCAEA4,mov,"w2, #0x3e8"
UILayer,SetSortingOrder,0xDCAC7C,0xDCAEA8,0xDCAEA8,ldr,"x3, [x9]"
UILayer,SetSortingOrder,0xDCAC7C,0xDCAEAC,0xDCAEAC,mov,"x0, x8"
UILayer,SetSortingOrder,0xDCAC7C,0xDCAEB0,0xDCAEB0,b,#0xdcad88
UILayer,SetSortingOrder,0xDCAC7C,0xDCAEB4,0xDCAEB4,bl,#0xa60094
UILayer,SetSortingOrder,0xDCAC7C,0xDCAEB8,0xDCAEB8,str,"x21, [sp, #-0x30]!"
UILayer,SetSortingOrder,0xDCAC7C,0xDCAEBC,0xDCAEBC,stp,"x20, x19, [sp, #0x10]"
UILayer,SetSortingOrder,0xDCAC7C,0xDCAEC0,0xDCAEC0,stp,"x29, x30, [sp, #0x20]"
UILayer,SetSortingOrder,0xDCAC7C,0xDCAEC4,0xDCAEC4,add,"x29, sp, #0x20"
UILayer,SetSortingOrder,0xDCAC7C,0xDCAEC8,0xDCAEC8,adrp,"x21, #0x31f7000"
UILayer,SetSortingOrder,0xDCAC7C,0xDCAECC,0xDCAECC,ldrb,"w8, [x21, #0xffe]"
UILayer,SetSortingOrder,0xDCAC7C,0xDCAED0,0xDCAED0,mov,"w19, w1"
UILayer,SetSortingOrder,0xDCAC7C,0xDCAED4,0xDCAED4,mov,"x20, x0"
UILayer,SetSortingOrder,0xDCAC7C,0xDCAED8,0xDCAED8,tbnz,"w8, #0, #0xdcaef0"
UILayer,SetSortingOrder,0xDCAC7C,0xDCAEDC,0xDCAEDC,adrp,"x0, #0x303c000"
UILayer,SetSortingOrder,0xDCAC7C,0xDCAEE0,0xDCAEE0,ldr,"x0, [x0, #0xe80]"
UILayer,SetSortingOrder,0xDCAC7C,0xDCAEE4,0xDCAEE4,bl,#0xa5ffc0
UILayer,SetSortingOrder,0xDCAC7C,0xDCAEE8,0xDCAEE8,mov,"w8, #1"
UILayer,SetSortingOrder,0xDCAC7C,0xDCAEEC,0xDCAEEC,strb,"w8, [x21, #0xffe]"
UILayer,SetSortingOrder,0xDCAC7C,0xDCAEF0,0xDCAEF0,mov,"w0, #0x174"
UILayer,SetSortingOrder,0xDCAC7C,0xDCAEF4,0xDCAEF4,mov,"x1, xzr"
UILayer,SetSortingOrder,0xDCAC7C,0xDCAEF8,0xDCAEF8,str,"xzr, [sp, #8]"
UIFormBase,Init,0xED8910,0xED8910,0xED8910,sub,"sp, sp, #0x80"
UIFormBase,Init,0xED8910,0xED8914,0xED8914,str,"x27, [sp, #0x20]"
UIFormBase,Init,0xED8910,0xED8918,0xED8918,stp,"x26, x25, [sp, #0x30]"
UIFormBase,Init,0xED8910,0xED891C,0xED891C,stp,"x24, x23, [sp, #0x40]"
UIFormBase,Init,0xED8910,0xED8920,0xED8920,stp,"x22, x21, [sp, #0x50]"
UIFormBase,Init,0xED8910,0xED8924,0xED8924,stp,"x20, x19, [sp, #0x60]"
UIFormBase,Init,0xED8910,0xED8928,0xED8928,stp,"x29, x30, [sp, #0x70]"
UIFormBase,Init,0xED8910,0xED892C,0xED892C,add,"x29, sp, #0x70"
UIFormBase,Init,0xED8910,0xED8930,0xED8930,ldr,"x27, [x29, #0x10]"
UIFormBase,Init,0xED8910,0xED8934,0xED8934,mov,"w19, w1"
UIFormBase,Init,0xED8910,0xED8938,0xED8938,mov,"x23, x0"
UIFormBase,Init,0xED8910,0xED893C,0xED893C,mov,"w0, #0x233d"
UIFormBase,Init,0xED8910,0xED8940,0xED8940,mov,"x1, xzr"
UIFormBase,Init,0xED8910,0xED8944,0xED8944,mov,"x20, x7"
UIFormBase,Init,0xED8910,0xED8948,0xED8948,mov,"w22, w6"
UIFormBase,Init,0xED8910,0xED894C,0xED894C,mov,"w25, w5"
UIFormBase,Init,0xED8910,0xED8950,0xED8950,mov,"w21, w4"
UIFormBase,Init,0xED8910,0xED8954,0xED8954,mov,"x24, x3"
UIFormBase,Init,0xED8910,0xED8958,0xED8958,mov,"x26, x2"
UIFormBase,Init,0xED8910,0xED895C,0xED895C,bl,#0xedcd74
UIFormBase,Init,0xED8910,0xED8960,0xED8960,tbz,"w0, #0, #0xed89a0"
UIFormBase,Init,0xED8910,0xED8964,0xED8964,mov,"w0, #0x233d"
UIFormBase,Init,0xED8910,0xED8968,0xED8968,mov,"x1, xzr"
UIFormBase,Init,0xED8910,0xED896C,0xED896C,bl,#0xedce44
UIFormBase,Init,0xED8910,0xED8970,0xED8970,cbz,"x0, #0xed89e8"
UIFormBase,Init,0xED8910,0xED8974,0xED8974,and,"w6, w25, #1"
UIFormBase,Init,0xED8910,0xED8978,0xED8978,and,"w7, w22, #1"
UIFormBase,Init,0xED8910,0xED897C,0xED897C,mov,"x1, x23"
UIFormBase,Init,0xED8910,0xED8980,0xED8980,mov,"w2, w19"
UIFormBase,Init,0xED8910,0xED8984,0xED8984,mov,"x3, x26"
UIFormBase,Init,0xED8910,0xED8988,0xED8988,mov,"x4, x24"
UIFormBase,Init,0xED8910,0xED898C,0xED898C,mov,"w5, w21"
UIFormBase,Init,0xED8910,0xED8990,0xED8990,stp,"x27, xzr, [sp, #8]"
UIFormBase,Init,0xED8910,0xED8994,0xED8994,str,"x20, [sp]"
UIFormBase,Init,0xED8910,0xED8998,0xED8998,bl,#0xb1fd44
UIFormBase,Init,0xED8910,0xED899C,0xED899C,b,#0xed89c8
UIFormBase,Init,0xED8910,0xED89A0,0xED89A0,and,"w8, w25, #1"
UIFormBase,Init,0xED8910,0xED89A4,0xED89A4,and,"w9, w22, #1"
UIFormBase,Init,0xED8910,0xED89A8,0xED89A8,mov,"w10, #5"
UIFormBase,Init,0xED8910,0xED89AC,0xED89AC,stp,"x26, x24, [x23, #0x28]"
UIFormBase,Init,0xED8910,0xED89B0,0xED89B0,strb,"w21, [x23, #0x38]"
UIFormBase,Init,0xED8910,0xED89B4,0xED89B4,str,"x20, [x23, #0x68]"
UIFormBase,Init,0xED8910,0xED89B8,0xED89B8,stp,"w10, w19, [x23, #0x1c]"
UIFormBase,Init,0xED8910,0xED89BC,0xED89BC,strb,"w8, [x23, #0x54]"
UIFormBase,Init,0xED8910,0xED89C0,0xED89C0,strb,"w9, [x23, #0x55]"
UIFormBase,Init,0xED8910,0xED89C4,0xED89C4,str,"x27, [x23, #0xa0]"
UIFormBase,Init,0xED8910,0xED89C8,0xED89C8,ldp,"x29, x30, [sp, #0x70]"
UIFormBase,Init,0xED8910,0xED89CC,0xED89CC,ldp,"x20, x19, [sp, #0x60]"
UIFormBase,Init,0xED8910,0xED89D0,0xED89D0,ldp,"x22, x21, [sp, #0x50]"
UIFormBase,Init,0xED8910,0xED89D4,0xED89D4,ldp,"x24, x23, [sp, #0x40]"
UIFormBase,Init,0xED8910,0xED89D8,0xED89D8,ldp,"x26, x25, [sp, #0x30]"
UIFormBase,Init,0xED8910,0xED89DC,0xED89DC,ldr,"x27, [sp, #0x20]"
UIFormBase,Init,0xED8910,0xED89E0,0xED89E0,add,"sp, sp, #0x80"
UIFormBase,Init,0xED8910,0xED89E4,0xED89E4,ret,
UIFormBase,Init,0xED8910,0xED89E8,0xED89E8,bl,#0xa60094
UIFormBase,Init,0xED8910,0xED89EC,0xED89EC,str,"x19, [sp, #-0x20]!"
UIFormBase,Init,0xED8910,0xED89F0,0xED89F0,stp,"x29, x30, [sp, #0x10]"
UIFormBase,Init,0xED8910,0xED89F4,0xED89F4,add,"x29, sp, #0x10"
UIFormBase,Init,0xED8910,0xED89F8,0xED89F8,mov,"x19, x0"
UIFormBase,Init,0xED8910,0xED89FC,0xED89FC,mov,"w0, #0x2344"
UIFormBase,Init,0xED8910,0xED8A00,0xED8A00,mov,"x1, xzr"
UIFormBase,Init,0xED8910,0xED8A04,0xED8A04,bl,#0xedcd74
UIFormBase,Init,0xED8910,0xED8A08,0xED8A08,tbz,"w0, #0, #0xed8a30"
UIFormBase,Init,0xED8910,0xED8A0C,0xED8A0C,mov,"w0, #0x2344"
UIFormBase,Open,0xED8A70,0xED8A70,0xED8A70,sub,"sp, sp, #0x60"
UIFormBase,Open,0xED8A70,0xED8A74,0xED8A74,stp,"d9, d8, [sp, #0x10]"
UIFormBase,Open,0xED8A70,0xED8A78,0xED8A78,str,"x23, [sp, #0x20]"
UIFormBase,Open,0xED8A70,0xED8A7C,0xED8A7C,stp,"x22, x21, [sp, #0x30]"
UIFormBase,Open,0xED8A70,0xED8A80,0xED8A80,stp,"x20, x19, [sp, #0x40]"
UIFormBase,Open,0xED8A70,0xED8A84,0xED8A84,stp,"x29, x30, [sp, #0x50]"
UIFormBase,Open,0xED8A70,0xED8A88,0xED8A88,add,"x29, sp, #0x50"
UIFormBase,Open,0xED8A70,0xED8A8C,0xED8A8C,adrp,"x22, #0x31f8000"
UIFormBase,Open,0xED8A70,0xED8A90,0xED8A90,ldrb,"w8, [x22, #0x601]"
UIFormBase,Open,0xED8A70,0xED8A94,0xED8A94,mov,"w21, w2"
UIFormBase,Open,0xED8A70,0xED8A98,0xED8A98,mov,"x20, x1"
UIFormBase,Open,0xED8A70,0xED8A9C,0xED8A9C,mov,"x19, x0"
UIFormBase,Open,0xED8A70,0xED8AA0,0xED8AA0,tbnz,"w8, #0, #0xed8b0c"
UIFormBase,Open,0xED8A70,0xED8AA4,0xED8AA4,adrp,"x0, #0x3010000"
UIFormBase,Open,0xED8A70,0xED8AA8,0xED8AA8,ldr,"x0, [x0, #0x400]"
UIFormBase,Open,0xED8A70,0xED8AAC,0xED8AAC,bl,#0xa5ffc0
UIFormBase,Open,0xED8A70,0xED8AB0,0xED8AB0,adrp,"x0, #0x2ffc000"
UIFormBase,Open,0xED8A70,0xED8AB4,0xED8AB4,ldr,"x0, [x0, #0x220]"
UIFormBase,Open,0xED8A70,0xED8AB8,0xED8AB8,bl,#0xa5ffc0
UIFormBase,Open,0xED8A70,0xED8ABC,0xED8ABC,adrp,"x0, #0x3013000"
UIFormBase,Open,0xED8A70,0xED8AC0,0xED8AC0,ldr,"x0, [x0, #0xf58]"
UIFormBase,Open,0xED8A70,0xED8AC4,0xED8AC4,bl,#0xa5ffc0
UIFormBase,Open,0xED8A70,0xED8AC8,0xED8AC8,adrp,"x0, #0x302c000"
UIFormBase,Open,0xED8A70,0xED8ACC,0xED8ACC,ldr,"x0, [x0, #0x6b0]"
UIFormBase,Open,0xED8A70,0xED8AD0,0xED8AD0,bl,#0xa5ffc0
UIFormBase,Open,0xED8A70,0xED8AD4,0xED8AD4,adrp,"x0, #0x2ff3000"
UIFormBase,Open,0xED8A70,0xED8AD8,0xED8AD8,ldr,"x0, [x0, #0xf68]"
UIFormBase,Open,0xED8A70,0xED8ADC,0xED8ADC,bl,#0xa5ffc0
UIFormBase,Open,0xED8A70,0xED8AE0,0xED8AE0,adrp,"x0, #0x3014000"
UIFormBase,Open,0xED8A70,0xED8AE4,0xED8AE4,ldr,"x0, [x0, #0xc08]"
UIFormBase,Open,0xED8A70,0xED8AE8,0xED8AE8,bl,#0xa5ffc0
UIFormBase,Open,0xED8A70,0xED8AEC,0xED8AEC,adrp,"x0, #0x3007000"
UIFormBase,Open,0xED8A70,0xED8AF0,0xED8AF0,ldr,"x0, [x0, #0x4d8]"
UIFormBase,Open,0xED8A70,0xED8AF4,0xED8AF4,bl,#0xa5ffc0
UIFormBase,Open,0xED8A70,0xED8AF8,0xED8AF8,adrp,"x0, #0x2fe5000"
UIFormBase,Open,0xED8A70,0xED8AFC,0xED8AFC,ldr,"x0, [x0, #0x630]"
UIFormBase,Open,0xED8A70,0xED8B00,0xED8B00,bl,#0xa5ffc0
UIFormBase,Open,0xED8A70,0xED8B04,0xED8B04,mov,"w8, #1"
UIFormBase,Open,0xED8A70,0xED8B08,0xED8B08,strb,"w8, [x22, #0x601]"
UIFormBase,Open,0xED8A70,0xED8B0C,0xED8B0C,mov,"w0, #0x2346"
UIFormBase,Open,0xED8A70,0xED8B10,0xED8B10,mov,"x1, xzr"
UIFormBase,Open,0xED8A70,0xED8B14,0xED8B14,stp,"xzr, xzr, [sp]"
UIFormBase,Open,0xED8A70,0xED8B18,0xED8B18,bl,#0xedcd74
UIFormBase,Open,0xED8A70,0xED8B1C,0xED8B1C,tbz,"w0, #0, #0xed8b48"
UIFormBase,Open,0xED8A70,0xED8B20,0xED8B20,mov,"w0, #0x2346"
UIFormBase,Open,0xED8A70,0xED8B24,0xED8B24,mov,"x1, xzr"
UIFormBase,Open,0xED8A70,0xED8B28,0xED8B28,bl,#0xedce44
UIFormBase,Open,0xED8A70,0xED8B2C,0xED8B2C,cbz,"x0, #0xed9014"
UIFormBase,Open,0xED8A70,0xED8B30,0xED8B30,and,"w3, w21, #1"
UIFormBase,Open,0xED8A70,0xED8B34,0xED8B34,mov,"x1, x19"
UIFormBase,Open,0xED8A70,0xED8B38,0xED8B38,mov,"x2, x20"
UIFormBase,Open,0xED8A70,0xED8B3C,0xED8B3C,mov,"x4, xzr"
UIFormBase,Open,0xED8A70,0xED8B40,0xED8B40,bl,#0xaf5844
UIFormBase,Open,0xED8A70,0xED8B44,0xED8B44,b,#0xed8ff8
UIFormBase,Open,0xED8A70,0xED8B48,0xED8B48,tbnz,"w21, #0, #0xed8b50"
UIFormBase,Open,0xED8A70,0xED8B4C,0xED8B4C,str,"x20, [x19, #0x68]"
UIFormBase,Open,0xED8A70,0xED8B50,0xED8B50,ldr,"x0, [x19, #0x40]"
UIFormBase,Open,0xED8A70,0xED8B54,0xED8B54,cbz,"x0, #0xed9014"
UIFormBase,Open,0xED8A70,0xED8B58,0xED8B58,mov,"w1, #1"
UIFormBase,Open,0xED8A70,0xED8B5C,0xED8B5C,mov,"x2, xzr"
UIFormBase,Open,0xED8A70,0xED8B60,0xED8B60,bl,#0x23f9438
UIFormBase,Open,0xED8A70,0xED8B64,0xED8B64,ldrb,"w8, [x19, #0x54]"
UIFormBase,Open,0xED8A70,0xED8B68,0xED8B68,cbnz,"w8, #0xed8c18"
UIFormBase,Open,0xED8A70,0xED8B6C,0xED8B6C,adrp,"x20, #0x3013000"
UIFormBase,Open,0xED8A70,0xED8B70,0xED8B70,ldr,"x20, [x20, #0xf58]"
UIFormBase,Open,0xED8A70,0xED8B74,0xED8B74,ldr,"x0, [x20]"
UIFormBase,Open,0xED8A70,0xED8B78,0xED8B78,ldrb,"w8, [x0, #0x133]"
UIFormBase,Open,0xED8A70,0xED8B7C,0xED8B7C,tbz,"w8, #1, #0xed8b8c"
UIFormBase,Open,0xED8A70,0xED8B80,0xED8B80,ldr,"w8, [x0, #0xe0]"
UIFormBase,Open,0xED8A70,0xED8B84,0xED8B84,cbnz,"w8, #0xed8b8c"
UIFormBase,Open,0xED8A70,0xED8B88,0xED8B88,bl,#0xa60070
UIFormBase,Open,0xED8A70,0xED8B8C,0xED8B8C,adrp,"x21, #0x31f7000"
UIFormBase,Open,0xED8A70,0xED8B90,0xED8B90,ldrb,"w8, [x21, #0xece]"
UIFormBase,Open,0xED8A70,0xED8B94,0xED8B94,cbnz,"w8, #0xed8bac"
UIFormBase,Open,0xED8A70,0xED8B98,0xED8B98,adrp,"x0, #0x3013000"
UIFormBase,Open,0xED8A70,0xED8B9C,0xED8B9C,ldr,"x0, [x0, #0xf58]"
UIFormBase,Open,0xED8A70,0xED8BA0,0xED8BA0,bl,#0xa5ffc0
UIFormBase,Open,0xED8A70,0xED8BA4,0xED8BA4,mov,"w8, #1"
UIFormBase,Open,0xED8A70,0xED8BA8,0xED8BA8,strb,"w8, [x21, #0xece]"
UIFormBase,Open,0xED8A70,0xED8BAC,0xED8BAC,ldr,"x0, [x20]"
UIFormBase,Open,0xED8A70,0xED8BB0,0xED8BB0,ldrb,"w8, [x0, #0x133]"
UIFormBase,Open,0xED8A70,0xED8BB4,0xED8BB4,tbz,"w8, #1, #0xed8bc8"
UIFormBase,Open,0xED8A70,0xED8BB8,0xED8BB8,ldr,"w8, [x0, #0xe0]"
UIFormBase,Open,0xED8A70,0xED8BBC,0xED8BBC,cbnz,"w8, #0xed8bc8"
UIFormBase,Open,0xED8A70,0xED8BC0,0xED8BC0,bl,#0xa60070
UIFormBase,Open,0xED8A70,0xED8BC4,0xED8BC4,ldr,"x0, [x20]"
UIFormBase,Open,0xED8A70,0xED8BC8,0xED8BC8,ldr,"x8, [x0, #0xb8]"
UIFormBase,Open,0xED8A70,0xED8BCC,0xED8BCC,ldr,"x0, [x8, #0x70]"
UIFormBase,Open,0xED8A70,0xED8BD0,0xED8BD0,cbz,"x0, #0xed9014"
UIFormBase,Open,0xED8A70,0xED8BD4,0xED8BD4,mov,"w2, #1"
UIFormBase,Open,0xED8A70,0xED8BD8,0xED8BD8,mov,"x1, x19"
UIFormBase,Open,0xED8A70,0xED8BDC,0xED8BDC,mov,"x3, xzr"
UIFormBase,Open,0xED8A70,0xED8BE0,0xED8BE0,bl,#0xfe1ba4
UIFormBase,Open,0xED8A70,0xED8BE4,0xED8BE4,ldr,"x0, [x19, #0x40]"
UIFormBase,Open,0xED8A70,0xED8BE8,0xED8BE8,cbz,"x0, #0xed9014"
UIFormBase,Open,0xED8A70,0xED8BEC,0xED8BEC,mov,"x1, xzr"
UIFormBase,Open,0xED8A70,0xED8BF0,0xED8BF0,bl,#0x23f9488
UIFormBase,Open,0xED8A70,0xED8BF4,0xED8BF4,ldr,"x8, [x19, #0xa8]"
UIFormBase,Open,0xED8A70,0xED8BF8,0xED8BF8,str,"w0, [x19, #0x58]"
UIFormBase,Open,0xED8A70,0xED8BFC,0xED8BFC,cbz,"x8, #0xed8c18"
UIFormBase,Open,0xED8A70,0xED8C00,0xED8C00,adrp,"x9, #0x3010000"
UIFormBase,Open,0xED8A70,0xED8C04,0xED8C04,ldr,"x9, [x9, #0x400]"
UIFormBase,Open,0xED8A70,0xED8C08,0xED8C08,mov,"w1, w0"
UIFormBase,Open,0xED8A70,0xED8C0C,0xED8C0C,mov,"x0, x8"
UIFormBase,Open,0xED8A70,0xED8C10,0xED8C10,ldr,"x2, [x9]"
UIFormBase,Open,0xED8A70,0xED8C14,0xED8C14,bl,#0x1248220
UIFormBase,Open,0xED8A70,0xED8C18,0xED8C18,adrp,"x21, #0x302c000"
UIFormBase,Open,0xED8A70,0xED8C1C,0xED8C1C,ldr,"x21, [x21, #0x6b0]"
UIFormBase,Open,0xED8A70,0xED8C20,0xED8C20,ldr,"x20, [x19, #0x48]"
UIFormBase,Open,0xED8A70,0xED8C24,0xED8C24,ldr,"x0, [x21]"
UIFormBase,Open,0xED8A70,0xED8C28,0xED8C28,ldrb,"w8, [x0, #0x133]"
UIFormBase,Open,0xED8A70,0xED8C2C,0xED8C2C,tbz,"w8, #1, #0xed8c3c"
UIFormBase,Open,0xED8A70,0xED8C30,0xED8C30,ldr,"w8, [x0, #0xe0]"
UIFormBase,Open,0xED8A70,0xED8C34,0xED8C34,cbnz,"w8, #0xed8c3c"
UIFormBase,Open,0xED8A70,0xED8C38,0xED8C38,bl,#0xa60070
UIFormBase,Open,0xED8A70,0xED8C3C,0xED8C3C,mov,"x0, x20"
UIFormBase,Open,0xED8A70,0xED8C40,0xED8C40,mov,"x1, xzr"
UIFormBase,Open,0xED8A70,0xED8C44,0xED8C44,mov,"x2, xzr"
UIFormBase,Open,0xED8A70,0xED8C48,0xED8C48,bl,#0x167cfa4
UIFormBase,Open,0xED8A70,0xED8C4C,0xED8C4C,tbz,"w0, #0, #0xed8cdc"
UIFormBase,Open,0xED8A70,0xED8C50,0xED8C50,ldur,"q0, [x19, #0x28]"
UIFormBase,Open,0xED8A70,0xED8C54,0xED8C54,mov,"x0, sp"
UIFormBase,Open,0xED8A70,0xED8C58,0xED8C58,mov,"x1, xzr"
UIFormBase,Open,0xED8A70,0xED8C5C,0xED8C5C,str,"q0, [sp]"
UIFormBase,Open,0xED8A70,0xED8C60,0xED8C60,bl,#0x176ae2c
UIFormBase,Open,0xED8A70,0xED8C64,0xED8C64,tbz,"w0, #0, #0xed8cdc"
UIFormBase,Open,0xED8A70,0xED8C68,0xED8C68,adrp,"x20, #0x3013000"
UIFormBase,Open,0xED8A70,0xED8C6C,0xED8C6C,ldr,"x20, [x20, #0xf58]"
UIFormBase,Open,0xED8A70,0xED8C70,0xED8C70,ldr,"x0, [x20]"
UIFormBase,Open,0xED8A70,0xED8C74,0xED8C74,ldrb,"w8, [x0, #0x133]"
UIFormBase,Open,0xED8A70,0xED8C78,0xED8C78,tbz,"w8, #1, #0xed8c88"
UIFormBase,Open,0xED8A70,0xED8C7C,0xED8C7C,ldr,"w8, [x0, #0xe0]"
UIFormBase,Open,0xED8A70,0xED8C80,0xED8C80,cbnz,"w8, #0xed8c88"
UIFormBase,Open,0xED8A70,0xED8C84,0xED8C84,bl,#0xa60070
UIFormBase,Open,0xED8A70,0xED8C88,0xED8C88,adrp,"x22, #0x31f7000"
UIFormBase,Open,0xED8A70,0xED8C8C,0xED8C8C,ldrb,"w8, [x22, #0xece]"
UIFormBase,Open,0xED8A70,0xED8C90,0xED8C90,cbnz,"w8, #0xed8ca8"
UIFormBase,Open,0xED8A70,0xED8C94,0xED8C94,adrp,"x0, #0x3013000"
UIFormBase,Open,0xED8A70,0xED8C98,0xED8C98,ldr,"x0, [x0, #0xf58]"
UIFormBase,Open,0xED8A70,0xED8C9C,0xED8C9C,bl,#0xa5ffc0
UIFormBase,Open,0xED8A70,0xED8CA0,0xED8CA0,mov,"w8, #1"
UIFormBase,Open,0xED8A70,0xED8CA4,0xED8CA4,strb,"w8, [x22, #0xece]"
UIFormBase,Open,0xED8A70,0xED8CA8,0xED8CA8,ldr,"x0, [x20]"
UIFormBase,Open,0xED8A70,0xED8CAC,0xED8CAC,ldrb,"w8, [x0, #0x133]"
UIFormBase,Open,0xED8A70,0xED8CB0,0xED8CB0,tbz,"w8, #1, #0xed8cc4"
UIFormBase,Open,0xED8A70,0xED8CB4,0xED8CB4,ldr,"w8, [x0, #0xe0]"
UIFormBase,Open,0xED8A70,0xED8CB8,0xED8CB8,cbnz,"w8, #0xed8cc4"
UIFormBase,Open,0xED8A70,0xED8CBC,0xED8CBC,bl,#0xa60070
UIFormBase,Open,0xED8A70,0xED8CC0,0xED8CC0,ldr,"x0, [x20]"
UIFormBase,Open,0xED8A70,0xED8CC4,0xED8CC4,ldr,"x8, [x0, #0xb8]"
UIFormBase,Open,0xED8A70,0xED8CC8,0xED8CC8,ldr,"x0, [x8, #0x70]"
UIFormBase,Open,0xED8A70,0xED8CCC,0xED8CCC,cbz,"x0, #0xed9014"
UIFormBase,Open,0xED8A70,0xED8CD0,0xED8CD0,mov,"x1, x19"
UIFormBase,Open,0xED8A70,0xED8CD4,0xED8CD4,mov,"x2, xzr"
UIFormBase,Open,0xED8A70,0xED8CD8,0xED8CD8,bl,#0xfe1acc
UIFormBase,Open,0xED8A70,0xED8CDC,0xED8CDC,ldp,"x8, x9, [x19, #0x28]"
UIFormBase,Open,0xED8A70,0xED8CE0,0xED8CE0,mov,"x0, sp"
UIFormBase,Open,0xED8A70,0xED8CE4,0xED8CE4,mov,"x1, xzr"
UIFormBase,Open,0xED8A70,0xED8CE8,0xED8CE8,stp,"x8, x9, [sp]"
UIFormBase,Open,0xED8A70,0xED8CEC,0xED8CEC,bl,#0x176afd0
UIFormBase,Open,0xED8A70,0xED8CF0,0xED8CF0,cbz,"w0, #0xed8e04"
UIFormBase,Open,0xED8A70,0xED8CF4,0xED8CF4,adrp,"x22, #0x3013000"
UIFormBase,Open,0xED8A70,0xED8CF8,0xED8CF8,ldr,"x22, [x22, #0xf58]"
UIFormBase,Open,0xED8A70,0xED8CFC,0xED8CFC,ldr,"x0, [x22]"
UIFormBase,Open,0xED8A70,0xED8D00,0xED8D00,ldrb,"w8, [x0, #0x133]"
UIFormBase,Open,0xED8A70,0xED8D04,0xED8D04,tbz,"w8, #1, #0xed8d14"
UIFormBase,Open,0xED8A70,0xED8D08,0xED8D08,ldr,"w8, [x0, #0xe0]"
UIFormBase,Open,0xED8A70,0xED8D0C,0xED8D0C,cbnz,"w8, #0xed8d14"
UIFormBase,Open,0xED8A70,0xED8D10,0xED8D10,bl,#0xa60070
UIFormBase,Open,0xED8A70,0xED8D14,0xED8D14,adrp,"x23, #0x31f7000"
UIFormBase,Open,0xED8A70,0xED8D18,0xED8D18,ldrb,"w8, [x23, #0xecf]"
UIFormBase,Open,0xED8A70,0xED8D1C,0xED8D1C,cbnz,"w8, #0xed8d34"
UIFormBase,Open,0xED8A70,0xED8D20,0xED8D20,adrp,"x0, #0x3013000"
UIFormBase,Open,0xED8A70,0xED8D24,0xED8D24,ldr,"x0, [x0, #0xf58]"
UIFormBase,Open,0xED8A70,0xED8D28,0xED8D28,bl,#0xa5ffc0
UIFormBase,Open,0xED8A70,0xED8D2C,0xED8D2C,mov,"w8, #1"
UIFormBase,Open,0xED8A70,0xED8D30,0xED8D30,strb,"w8, [x23, #0xecf]"
UIFormBase,Open,0xED8A70,0xED8D34,0xED8D34,ldr,"x0, [x22]"
UIFormBase,Open,0xED8A70,0xED8D38,0xED8D38,ldrb,"w8, [x0, #0x133]"
UIFormBase,Open,0xED8A70,0xED8D3C,0xED8D3C,tbz,"w8, #1, #0xed8d50"
UIFormBase,Open,0xED8A70,0xED8D40,0xED8D40,ldr,"w8, [x0, #0xe0]"
UIFormBase,Open,0xED8A70,0xED8D44,0xED8D44,cbnz,"w8, #0xed8d50"
UIFormBase,Open,0xED8A70,0xED8D48,0xED8D48,bl,#0xa60070
UIFormBase,Open,0xED8A70,0xED8D4C,0xED8D4C,ldr,"x0, [x22]"
UIFormBase,Open,0xED8A70,0xED8D50,0xED8D50,ldr,"x8, [x0, #0xb8]"
UIFormBase,Open,0xED8A70,0xED8D54,0xED8D54,ldr,"x0, [x8, #0x80]"
UIFormBase,Open,0xED8A70,0xED8D58,0xED8D58,cbz,"x0, #0xed9014"
UIFormBase,Open,0xED8A70,0xED8D5C,0xED8D5C,mov,"x1, xzr"
UIFormBase,Open,0xED8A70,0xED8D60,0xED8D60,bl,#0xf53734
UIFormBase,Open,0xED8A70,0xED8D64,0xED8D64,ldp,"x8, x9, [x19, #0x28]"
UIFormBase,Open,0xED8A70,0xED8D68,0xED8D68,mov,"w20, w0"
UIFormBase,Open,0xED8A70,0xED8D6C,0xED8D6C,mov,"x0, sp"
UIFormBase,Open,0xED8A70,0xED8D70,0xED8D70,mov,"x1, xzr"
UIFormBase,Open,0xED8A70,0xED8D74,0xED8D74,stp,"x8, x9, [sp]"
UIFormBase,Open,0xED8A70,0xED8D78,0xED8D78,bl,#0x176afd0
UIFormBase,Open,0xED8A70,0xED8D7C,0xED8D7C,cmp,"w20, w0"
UIFormBase,Open,0xED8A70,0xED8D80,0xED8D80,b.eq,#0xed8e04
UIFormBase,Open,0xED8A70,0xED8D84,0xED8D84,ldr,"x0, [x22]"
UIFormBase,Open,0xED8A70,0xED8D88,0xED8D88,ldrb,"w8, [x0, #0x133]"
UIFormBase,Open,0xED8A70,0xED8D8C,0xED8D8C,tbz,"w8, #1, #0xed8d9c"
UIFormBase,Open,0xED8A70,0xED8D90,0xED8D90,ldr,"w8, [x0, #0xe0]"
UIFormBase,Open,0xED8A70,0xED8D94,0xED8D94,cbnz,"w8, #0xed8d9c"
UIFormBase,Open,0xED8A70,0xED8D98,0xED8D98,bl,#0xa60070
UIFormBase,Open,0xED8A70,0xED8D9C,0xED8D9C,ldrb,"w8, [x23, #0xecf]"
UIFormBase,Open,0xED8A70,0xED8DA0,0xED8DA0,cbnz,"w8, #0xed8db8"
UIFormBase,Open,0xED8A70,0xED8DA4,0xED8DA4,adrp,"x0, #0x3013000"
UIFormBase,Open,0xED8A70,0xED8DA8,0xED8DA8,ldr,"x0, [x0, #0xf58]"
UIFormBase,Open,0xED8A70,0xED8DAC,0xED8DAC,bl,#0xa5ffc0
UIFormBase,Open,0xED8A70,0xED8DB0,0xED8DB0,mov,"w8, #1"
UIFormBase,Open,0xED8A70,0xED8DB4,0xED8DB4,strb,"w8, [x23, #0xecf]"
UIFormBase,Open,0xED8A70,0xED8DB8,0xED8DB8,ldr,"x0, [x22]"
UIFormBase,Open,0xED8A70,0xED8DBC,0xED8DBC,ldrb,"w8, [x0, #0x133]"
UIFormBase,Open,0xED8A70,0xED8DC0,0xED8DC0,tbz,"w8, #1, #0xed8dd4"
UIFormBase,Open,0xED8A70,0xED8DC4,0xED8DC4,ldr,"w8, [x0, #0xe0]"
UIFormBase,Open,0xED8A70,0xED8DC8,0xED8DC8,cbnz,"w8, #0xed8dd4"
UIFormBase,Open,0xED8A70,0xED8DCC,0xED8DCC,bl,#0xa60070
UIFormBase,Open,0xED8A70,0xED8DD0,0xED8DD0,ldr,"x0, [x22]"
UIFormBase,Open,0xED8A70,0xED8DD4,0xED8DD4,ldr,"x8, [x0, #0xb8]"
UIFormBase,Open,0xED8A70,0xED8DD8,0xED8DD8,ldp,"x9, x10, [x19, #0x28]"
UIFormBase,Open,0xED8A70,0xED8DDC,0xED8DDC,mov,"x0, sp"
UIFormBase,Open,0xED8A70,0xED8DE0,0xED8DE0,mov,"x1, xzr"
UISpineCtr,Awake,0xDD8800,0xDD8800,0xDD8800,stp,"x20, x19, [sp, #-0x20]!"
UISpineCtr,Awake,0xDD8800,0xDD8804,0xDD8804,stp,"x29, x30, [sp, #0x10]"
UISpineCtr,Awake,0xDD8800,0xDD8808,0xDD8808,add,"x29, sp, #0x10"
UISpineCtr,Awake,0xDD8800,0xDD880C,0xDD880C,adrp,"x20, #0x31f8000"
UISpineCtr,Awake,0xDD8800,0xDD8810,0xDD8810,ldrb,"w8, [x20, #0x61]"
UISpineCtr,Awake,0xDD8800,0xDD8814,0xDD8814,mov,"x19, x0"
UISpineCtr,Awake,0xDD8800,0xDD8818,0xDD8818,tbnz,"w8, #0, #0xdd8830"
UISpineCtr,Awake,0xDD8800,0xDD881C,0xDD881C,adrp,"x0, #0x3026000"
UISpineCtr,Awake,0xDD8800,0xDD8820,0xDD8820,ldr,"x0, [x0, #0xc50]"
UISpineCtr,Awake,0xDD8800,0xDD8824,0xDD8824,bl,#0xa5ffc0
UISpineCtr,Awake,0xDD8800,0xDD8828,0xDD8828,mov,"w8, #1"
UISpineCtr,Awake,0xDD8800,0xDD882C,0xDD882C,strb,"w8, [x20, #0x61]"
UISpineCtr,Awake,0xDD8800,0xDD8830,0xDD8830,mov,"w0, #0x24d2"
UISpineCtr,Awake,0xDD8800,0xDD8834,0xDD8834,mov,"x1, xzr"
UISpineCtr,Awake,0xDD8800,0xDD8838,0xDD8838,bl,#0xedcd74
UISpineCtr,Awake,0xDD8800,0xDD883C,0xDD883C,tbz,"w0, #0, #0xdd8864"
UISpineCtr,Awake,0xDD8800,0xDD8840,0xDD8840,mov,"w0, #0x24d2"
UISpineCtr,Awake,0xDD8800,0xDD8844,0xDD8844,mov,"x1, xzr"
UISpineCtr,Awake,0xDD8800,0xDD8848,0xDD8848,bl,#0xedce44
UISpineCtr,Awake,0xDD8800,0xDD884C,0xDD884C,cbz,"x0, #0xdd8888"
UISpineCtr,Awake,0xDD8800,0xDD8850,0xDD8850,ldp,"x29, x30, [sp, #0x10]"
UISpineCtr,Awake,0xDD8800,0xDD8854,0xDD8854,mov,"x1, x19"
UISpineCtr,Awake,0xDD8800,0xDD8858,0xDD8858,mov,"x2, xzr"
UISpineCtr,Awake,0xDD8800,0xDD885C,0xDD885C,ldp,"x20, x19, [sp], #0x20"
UISpineCtr,Awake,0xDD8800,0xDD8860,0xDD8860,b,#0xac2a78
UISpineCtr,Awake,0xDD8800,0xDD8864,0xDD8864,adrp,"x8, #0x3026000"
UISpineCtr,Awake,0xDD8800,0xDD8868,0xDD8868,ldr,"x8, [x8, #0xc50]"
UISpineCtr,Awake,0xDD8800,0xDD886C,0xDD886C,mov,"x0, x19"
UISpineCtr,Awake,0xDD8800,0xDD8870,0xDD8870,ldr,"x1, [x8]"
UISpineCtr,Awake,0xDD8800,0xDD8874,0xDD8874,bl,#0xcb90e8
UISpineCtr,Awake,0xDD8800,0xDD8878,0xDD8878,str,"x0, [x19, #0x18]"
UISpineCtr,Awake,0xDD8800,0xDD887C,0xDD887C,ldp,"x29, x30, [sp, #0x10]"
UISpineCtr,Awake,0xDD8800,0xDD8880,0xDD8880,ldp,"x20, x19, [sp], #0x20"
UISpineCtr,Awake,0xDD8800,0xDD8884,0xDD8884,ret,
UISpineCtr,Awake,0xDD8800,0xDD8888,0xDD8888,bl,#0xa60094
UISpineCtr,Awake,0xDD8800,0xDD888C,0xDD888C,str,"d8, [sp, #-0x20]!"
UISpineCtr,Awake,0xDD8800,0xDD8890,0xDD8890,str,"x19, [sp, #8]"
UISpineCtr,Awake,0xDD8800,0xDD8894,0xDD8894,stp,"x29, x30, [sp, #0x10]"
UISpineCtr,Awake,0xDD8800,0xDD8898,0xDD8898,add,"x29, sp, #0x10"
UISpineCtr,Awake,0xDD8800,0xDD889C,0xDD889C,mov,"x19, x0"
UISpineCtr,PlayAnimation,0xDD8D70,0xDD8D70,0xDD8D70,stp,"x26, x25, [sp, #-0x50]!"
UISpineCtr,PlayAnimation,0xDD8D70,0xDD8D74,0xDD8D74,stp,"x24, x23, [sp, #0x10]"
UISpineCtr,PlayAnimation,0xDD8D70,0xDD8D78,0xDD8D78,stp,"x22, x21, [sp, #0x20]"
UISpineCtr,PlayAnimation,0xDD8D70,0xDD8D7C,0xDD8D7C,stp,"x20, x19, [sp, #0x30]"
UISpineCtr,PlayAnimation,0xDD8D70,0xDD8D80,0xDD8D80,stp,"x29, x30, [sp, #0x40]"
UISpineCtr,PlayAnimation,0xDD8D70,0xDD8D84,0xDD8D84,add,"x29, sp, #0x40"
UISpineCtr,PlayAnimation,0xDD8D70,0xDD8D88,0xDD8D88,adrp,"x25, #0x31f8000"
UISpineCtr,PlayAnimation,0xDD8D70,0xDD8D8C,0xDD8D8C,ldrb,"w8, [x25, #0x65]"
UISpineCtr,PlayAnimation,0xDD8D70,0xDD8D90,0xDD8D90,mov,"x19, x5"
UISpineCtr,PlayAnimation,0xDD8D70,0xDD8D94,0xDD8D94,mov,"x21, x4"
UISpineCtr,PlayAnimation,0xDD8D70,0xDD8D98,0xDD8D98,mov,"w24, w3"
UISpineCtr,PlayAnimation,0xDD8D70,0xDD8D9C,0xDD8D9C,mov,"x22, x2"
UISpineCtr,PlayAnimation,0xDD8D70,0xDD8DA0,0xDD8DA0,mov,"w23, w1"
UISpineCtr,PlayAnimation,0xDD8D70,0xDD8DA4,0xDD8DA4,mov,"x20, x0"
UISpineCtr,PlayAnimation,0xDD8D70,0xDD8DA8,0xDD8DA8,tbnz,"w8, #0, #0xdd8dfc"
UISpineCtr,PlayAnimation,0xDD8D70,0xDD8DAC,0xDD8DAC,adrp,"x0, #0x3026000"
UISpineCtr,PlayAnimation,0xDD8D70,0xDD8DB0,0xDD8DB0,ldr,"x0, [x0, #0xc50]"
UISpineCtr,PlayAnimation,0xDD8D70,0xDD8DB4,0xDD8DB4,bl,#0xa5ffc0
UISpineCtr,PlayAnimation,0xDD8D70,0xDD8DB8,0xDD8DB8,adrp,"x0, #0x302c000"
UISpineCtr,PlayAnimation,0xDD8D70,0xDD8DBC,0xDD8DBC,ldr,"x0, [x0, #0x6b0]"
UISpineCtr,PlayAnimation,0xDD8D70,0xDD8DC0,0xDD8DC0,bl,#0xa5ffc0
UISpineCtr,PlayAnimation,0xDD8D70,0xDD8DC4,0xDD8DC4,adrp,"x0, #0x300e000"
UISpineCtr,PlayAnimation,0xDD8D70,0xDD8DC8,0xDD8DC8,ldr,"x0, [x0, #0x7c0]"
UISpineCtr,PlayAnimation,0xDD8D70,0xDD8DCC,0xDD8DCC,bl,#0xa5ffc0
UISpineCtr,PlayAnimation,0xDD8D70,0xDD8DD0,0xDD8DD0,adrp,"x0, #0x3021000"
UISpineCtr,PlayAnimation,0xDD8D70,0xDD8DD4,0xDD8DD4,ldr,"x0, [x0, #0xba8]"
UISpineCtr,PlayAnimation,0xDD8D70,0xDD8DD8,0xDD8DD8,bl,#0xa5ffc0
UISpineCtr,PlayAnimation,0xDD8D70,0xDD8DDC,0xDD8DDC,adrp,"x0, #0x3029000"
UISpineCtr,PlayAnimation,0xDD8D70,0xDD8DE0,0xDD8DE0,ldr,"x0, [x0, #0xc20]"
UISpineCtr,PlayAnimation,0xDD8D70,0xDD8DE4,0xDD8DE4,bl,#0xa5ffc0
UISpineCtr,PlayAnimation,0xDD8D70,0xDD8DE8,0xDD8DE8,adrp,"x0, #0x303e000"
UISpineCtr,PlayAnimation,0xDD8D70,0xDD8DEC,0xDD8DEC,ldr,"x0, [x0, #0x478]"
UISpineCtr,PlayAnimation,0xDD8D70,0xDD8DF0,0xDD8DF0,bl,#0xa5ffc0
UISpineCtr,PlayAnimation,0xDD8D70,0xDD8DF4,0xDD8DF4,mov,"w8, #1"
UISpineCtr,PlayAnimation,0xDD8D70,0xDD8DF8,0xDD8DF8,strb,"w8, [x25, #0x65]"
UISpineCtr,PlayAnimation,0xDD8D70,0xDD8DFC,0xDD8DFC,mov,"w0, #0x1850"
UISpineCtr,PlayAnimation,0xDD8D70,0xDD8E00,0xDD8E00,mov,"x1, xzr"
UISpineCtr,PlayAnimation,0xDD8D70,0xDD8E04,0xDD8E04,bl,#0xedcd74
UISpineCtr,PlayAnimation,0xDD8D70,0xDD8E08,0xDD8E08,tbz,"w0, #0, #0xdd8e50"
UISpineCtr,PlayAnimation,0xDD8D70,0xDD8E0C,0xDD8E0C,mov,"w0, #0x1850"
UISpineCtr,PlayAnimation,0xDD8D70,0xDD8E10,0xDD8E10,mov,"x1, xzr"
UISpineCtr,PlayAnimation,0xDD8D70,0xDD8E14,0xDD8E14,bl,#0xedce44
UISpineCtr,PlayAnimation,0xDD8D70,0xDD8E18,0xDD8E18,cbz,"x0, #0xdd9040"
UISpineCtr,PlayAnimation,0xDD8D70,0xDD8E1C,0xDD8E1C,and,"w4, w24, #1"
UISpineCtr,PlayAnimation,0xDD8D70,0xDD8E20,0xDD8E20,mov,"x1, x20"
UISpineCtr,PlayAnimation,0xDD8D70,0xDD8E24,0xDD8E24,mov,"w2, w23"
UISpineCtr,PlayAnimation,0xDD8D70,0xDD8E28,0xDD8E28,mov,"x3, x22"
UISpineCtr,PlayAnimation,0xDD8D70,0xDD8E2C,0xDD8E2C,mov,"x5, x21"
UISpineCtr,PlayAnimation,0xDD8D70,0xDD8E30,0xDD8E30,mov,"x6, x19"
UISpineCtr,PlayAnimation,0xDD8D70,0xDD8E34,0xDD8E34,ldp,"x29, x30, [sp, #0x40]"
UISpineCtr,PlayAnimation,0xDD8D70,0xDD8E38,0xDD8E38,ldp,"x20, x19, [sp, #0x30]"
UISpineCtr,PlayAnimation,0xDD8D70,0xDD8E3C,0xDD8E3C,ldp,"x22, x21, [sp, #0x20]"
UISpineCtr,PlayAnimation,0xDD8D70,0xDD8E40,0xDD8E40,ldp,"x24, x23, [sp, #0x10]"
UISpineCtr,PlayAnimation,0xDD8D70,0xDD8E44,0xDD8E44,mov,"x7, xzr"
UISpineCtr,PlayAnimation,0xDD8D70,0xDD8E48,0xDD8E48,ldp,"x26, x25, [sp], #0x50"
UISpineCtr,PlayAnimation,0xDD8D70,0xDD8E4C,0xDD8E4C,b,#0xb02fb8
UISpineCtr,PlayAnimation,0xDD8D70,0xDD8E50,0xDD8E50,adrp,"x26, #0x302c000"
UISpineCtr,PlayAnimation,0xDD8D70,0xDD8E54,0xDD8E54,ldr,"x26, [x26, #0x6b0]"
UISpineCtr,PlayAnimation,0xDD8D70,0xDD8E58,0xDD8E58,ldr,"x25, [x20, #0x18]"
UISpineCtr,PlayAnimation,0xDD8D70,0xDD8E5C,0xDD8E5C,ldr,"x0, [x26]"
UISpineCtr,PlayAnimation,0xDD8D70,0xDD8E60,0xDD8E60,ldrb,"w8, [x0, #0x133]"
UISpineCtr,PlayAnimation,0xDD8D70,0xDD8E64,0xDD8E64,tbz,"w8, #1, #0xdd8e74"
UISpineCtr,PlayAnimation,0xDD8D70,0xDD8E68,0xDD8E68,ldr,"w8, [x0, #0xe0]"
UISpineCtr,PlayAnimation,0xDD8D70,0xDD8E6C,0xDD8E6C,cbnz,"w8, #0xdd8e74"
UISpineCtr,PlayAnimation,0xDD8D70,0xDD8E70,0xDD8E70,bl,#0xa60070
UISpineCtr,PlayAnimation,0xDD8D70,0xDD8E74,0xDD8E74,mov,"x0, x25"
UISpineCtr,PlayAnimation,0xDD8D70,0xDD8E78,0xDD8E78,mov,"x1, xzr"
UISpineCtr,PlayAnimation,0xDD8D70,0xDD8E7C,0xDD8E7C,mov,"x2, xzr"
UISpineCtr,PlayAnimation,0xDD8D70,0xDD8E80,0xDD8E80,bl,#0x167bf90
UISpineCtr,PlayAnimation,0xDD8D70,0xDD8E84,0xDD8E84,tbz,"w0, #0, #0xdd8ea8"
UISpineCtr,PlayAnimation,0xDD8D70,0xDD8E88,0xDD8E88,adrp,"x8, #0x3026000"
UISpineCtr,PlayAnimation,0xDD8D70,0xDD8E8C,0xDD8E8C,ldr,"x8, [x8, #0xc50]"
UISpineCtr,PlayAnimation,0xDD8D70,0xDD8E90,0xDD8E90,mov,"x0, x20"
UISpineCtr,PlayAnimation,0xDD8D70,0xDD8E94,0xDD8E94,ldr,"x1, [x8]"
UISpineCtr,PlayAnimation,0xDD8D70,0xDD8E98,0xDD8E98,bl,#0xcb90e8
UISpineCtr,PlayAnimation,0xDD8D70,0xDD8E9C,0xDD8E9C,mov,"x25, x0"
UISpineCtr,PlayAnimation,0xDD8D70,0xDD8EA0,0xDD8EA0,str,"x0, [x20, #0x18]"
UISpineCtr,PlayAnimation,0xDD8D70,0xDD8EA4,0xDD8EA4,b,#0xdd8eac
UISpineCtr,PlayAnimation,0xDD8D70,0xDD8EA8,0xDD8EA8,ldr,"x25, [x20, #0x18]"
UISpineCtr,PlayAnimation,0xDD8D70,0xDD8EAC,0xDD8EAC,ldr,"x0, [x26]"
UISpineCtr,PlayAnimation,0xDD8D70,0xDD8EB0,0xDD8EB0,ldrb,"w8, [x0, #0x133]"
UISpineCtr,PlayAnimation,0xDD8D70,0xDD8EB4,0xDD8EB4,tbz,"w8, #1, #0xdd8ec4"
UISpineCtr,PlayAnimation,0xDD8D70,0xDD8EB8,0xDD8EB8,ldr,"w8, [x0, #0xe0]"
UISpineCtr,PlayAnimation,0xDD8D70,0xDD8EBC,0xDD8EBC,cbnz,"w8, #0xdd8ec4"
UISpineCtr,PlayAnimation,0xDD8D70,0xDD8EC0,0xDD8EC0,bl,#0xa60070
UISpineCtr,PlayAnimation,0xDD8D70,0xDD8EC4,0xDD8EC4,mov,"x0, x25"
UISpineCtr,PlayAnimation,0xDD8D70,0xDD8EC8,0xDD8EC8,mov,"x1, xzr"
UISpineCtr,PlayAnimation,0xDD8D70,0xDD8ECC,0xDD8ECC,mov,"x2, xzr"
UISpineCtr,PlayAnimation,0xDD8D70,0xDD8ED0,0xDD8ED0,bl,#0x167bf90
UISpineCtr,PlayAnimation,0xDD8D70,0xDD8ED4,0xDD8ED4,tbnz,"w0, #0, #0xdd9028"
UISpineCtr,PlayAnimation,0xDD8D70,0xDD8ED8,0xDD8ED8,ldr,"x0, [x20, #0x18]"
UISpineCtr,PlayAnimation,0xDD8D70,0xDD8EDC,0xDD8EDC,cbz,"x0, #0xdd9040"
UISpineCtr,PlayAnimation,0xDD8D70,0xDD8EE0,0xDD8EE0,mov,"x1, xzr"
UISpineCtr,PlayAnimation,0xDD8D70,0xDD8EE4,0xDD8EE4,bl,#0x18c9c94
UISpineCtr,PlayAnimation,0xDD8D70,0xDD8EE8,0xDD8EE8,cbz,"x0, #0xdd9028"
UISpineCtr,PlayAnimation,0xDD8D70,0xDD8EEC,0xDD8EEC,ldr,"x8, [x20, #0x20]"
UISpineCtr,PlayAnimation,0xDD8D70,0xDD8EF0,0xDD8EF0,cbz,"x8, #0xdd8f20"
UISpineCtr,PlayAnimation,0xDD8D70,0xDD8EF4,0xDD8EF4,ldr,"x0, [x20, #0x18]"
UISpineCtr,PlayAnimation,0xDD8D70,0xDD8EF8,0xDD8EF8,str,"xzr, [x20, #0x30]"
UISpineCtr,PlayAnimation,0xDD8D70,0xDD8EFC,0xDD8EFC,str,"xzr, [x20, #0x40]"
UISpineCtr,PlayAnimation,0xDD8D70,0xDD8F00,0xDD8F00,cbz,"x0, #0xdd9040"
UISpineCtr,PlayAnimation,0xDD8D70,0xDD8F04,0xDD8F04,mov,"x1, xzr"
UISpineCtr,PlayAnimation,0xDD8D70,0xDD8F08,0xDD8F08,bl,#0x18c9c94
UISpineCtr,PlayAnimation,0xDD8D70,0xDD8F0C,0xDD8F0C,cbz,"x0, #0xdd9040"
UISpineCtr,PlayAnimation,0xDD8D70,0xDD8F10,0xDD8F10,ldr,"x1, [x20, #0x20]"
UISpineCtr,PlayAnimation,0xDD8D70,0xDD8F14,0xDD8F14,mov,"x2, xzr"
UISpineCtr,PlayAnimation,0xDD8D70,0xDD8F18,0xDD8F18,bl,#0x1bb0858
UISpineCtr,PlayAnimation,0xDD8D70,0xDD8F1C,0xDD8F1C,str,"xzr, [x20, #0x20]"
UISpineCtr,PlayAnimation,0xDD8D70,0xDD8F20,0xDD8F20,ldr,"x8, [x20, #0x28]"
UISpineCtr,PlayAnimation,0xDD8D70,0xDD8F24,0xDD8F24,cbz,"x8, #0xdd8f50"
UISpineCtr,PlayAnimation,0xDD8D70,0xDD8F28,0xDD8F28,ldr,"x0, [x20, #0x18]"
UISpineCtr,PlayAnimation,0xDD8D70,0xDD8F2C,0xDD8F2C,str,"xzr, [x20, #0x38]"
UISpineCtr,PlayAnimation,0xDD8D70,0xDD8F30,0xDD8F30,cbz,"x0, #0xdd9040"
UISpineCtr,PlayAnimation,0xDD8D70,0xDD8F34,0xDD8F34,mov,"x1, xzr"
UISpineCtr,PlayAnimation,0xDD8D70,0xDD8F38,0xDD8F38,bl,#0x18c9c94
UISpineCtr,PlayAnimation,0xDD8D70,0xDD8F3C,0xDD8F3C,cbz,"x0, #0xdd9040"
UISpineCtr,PlayAnimation,0xDD8D70,0xDD8F40,0xDD8F40,ldr,"x1, [x20, #0x28]"
UISpineCtr,PlayAnimation,0xDD8D70,0xDD8F44,0xDD8F44,mov,"x2, xzr"
UISpineCtr,PlayAnimation,0xDD8D70,0xDD8F48,0xDD8F48,bl,#0x1bb0998
UISpineCtr,PlayAnimation,0xDD8D70,0xDD8F4C,0xDD8F4C,str,"xzr, [x20, #0x28]"
UISpineCtr,PlayAnimation,0xDD8D70,0xDD8F50,0xDD8F50,ldr,"x0, [x20, #0x18]"
UISpineCtr,PlayAnimation,0xDD8D70,0xDD8F54,0xDD8F54,cbz,"x0, #0xdd9040"
UISpineCtr,PlayAnimation,0xDD8D70,0xDD8F58,0xDD8F58,mov,"x1, xzr"
UISpineCtr,PlayAnimation,0xDD8D70,0xDD8F5C,0xDD8F5C,bl,#0x18c9c94
UISpineCtr,PlayAnimation,0xDD8D70,0xDD8F60,0xDD8F60,cbz,"x0, #0xdd9040"
UISpineCtr,PlayAnimation,0xDD8D70,0xDD8F64,0xDD8F64,and,"w3, w24, #1"
UISpineCtr,PlayAnimation,0xDD8D70,0xDD8F68,0xDD8F68,mov,"w1, w23"
UISpineCtr,PlayAnimation,0xDD8D70,0xDD8F6C,0xDD8F6C,mov,"x2, x22"
UISpineCtr,PlayAnimation,0xDD8D70,0xDD8F70,0xDD8F70,mov,"x4, xzr"
UISpineCtr,PlayAnimation,0xDD8D70,0xDD8F74,0xDD8F74,bl,#0x1bb2cd0
UISpineCtr,PlayAnimation,0xDD8D70,0xDD8F78,0xDD8F78,cbz,"x21, #0xdd8fd0"
UISpineCtr,PlayAnimation,0xDD8D70,0xDD8F7C,0xDD8F7C,adrp,"x8, #0x300e000"
UISpineCtr,PlayAnimation,0xDD8D70,0xDD8F80,0xDD8F80,ldr,"x8, [x8, #0x7c0]"
UISpineCtr,PlayAnimation,0xDD8D70,0xDD8F84,0xDD8F84,ldr,"x0, [x8]"
UISpineCtr,PlayAnimation,0xDD8D70,0xDD8F88,0xDD8F88,bl,#0xa6008c
UISpineCtr,PlayAnimation,0xDD8D70,0xDD8F8C,0xDD8F8C,adrp,"x8, #0x3029000"
UISpineCtr,PlayAnimation,0xDD8D70,0xDD8F90,0xDD8F90,ldr,"x8, [x8, #0xc20]"
UISpineCtr,PlayAnimation,0xDD8D70,0xDD8F94,0xDD8F94,mov,"x1, x20"
UISpineCtr,PlayAnimation,0xDD8D70,0xDD8F98,0xDD8F98,mov,"x3, xzr"
UISpineCtr,PlayAnimation,0xDD8D70,0xDD8F9C,0xDD8F9C,mov,"x22, x0"
UISpineCtr,PlayAnimation,0xDD8D70,0xDD8FA0,0xDD8FA0,ldr,"x2, [x8]"
UISpineCtr,PlayAnimation,0xDD8D70,0xDD8FA4,0xDD8FA4,bl,#0x220ae54
UISpineCtr,PlayAnimation,0xDD8D70,0xDD8FA8,0xDD8FA8,ldr,"x0, [x20, #0x18]"
UISpineCtr,PlayAnimation,0xDD8D70,0xDD8FAC,0xDD8FAC,str,"x22, [x20, #0x20]"
UISpineCtr,PlayAnimation,0xDD8D70,0xDD8FB0,0xDD8FB0,cbz,"x0, #0xdd9040"
UISpineCtr,PlayAnimation,0xDD8D70,0xDD8FB4,0xDD8FB4,mov,"x1, xzr"
UISpineCtr,PlayAnimation,0xDD8D70,0xDD8FB8,0xDD8FB8,bl,#0x18c9c94
UISpineCtr,PlayAnimation,0xDD8D70,0xDD8FBC,0xDD8FBC,cbz,"x0, #0xdd9040"
UISpineCtr,PlayAnimation,0xDD8D70,0xDD8FC0,0xDD8FC0,ldr,"x1, [x20, #0x20]"
UISpineCtr,PlayAnimation,0xDD8D70,0xDD8FC4,0xDD8FC4,mov,"x2, xzr"
UISpineCtr,PlayAnimation,0xDD8D70,0xDD8FC8,0xDD8FC8,bl,#0x1bb07b8
UISpineCtr,PlayAnimation,0xDD8D70,0xDD8FCC,0xDD8FCC,str,"x21, [x20, #0x30]"
UISpineCtr,PlayAnimation,0xDD8D70,0xDD8FD0,0xDD8FD0,cbz,"x19, #0xdd9028"
UISpineCtr,PlayAnimation,0xDD8D70,0xDD8FD4,0xDD8FD4,adrp,"x8, #0x3021000"
UISpineCtr,PlayAnimation,0xDD8D70,0xDD8FD8,0xDD8FD8,ldr,"x8, [x8, #0xba8]"
UISpineCtr,PlayAnimation,0xDD8D70,0xDD8FDC,0xDD8FDC,ldr,"x0, [x8]"
UISpineCtr,PlayAnimation,0xDD8D70,0xDD8FE0,0xDD8FE0,bl,#0xa6008c
UISpineCtr,PlayAnimation,0xDD8D70,0xDD8FE4,0xDD8FE4,adrp,"x8, #0x303e000"
UISpineCtr,PlayAnimation,0xDD8D70,0xDD8FE8,0xDD8FE8,ldr,"x8, [x8, #0x478]"
UISpineCtr,PlayAnimation,0xDD8D70,0xDD8FEC,0xDD8FEC,mov,"x1, x20"
UISpineCtr,PlayAnimation,0xDD8D70,0xDD8FF0,0xDD8FF0,mov,"x3, xzr"
UISpineCtr,PlayAnimation,0xDD8D70,0xDD8FF4,0xDD8FF4,mov,"x21, x0"
UISpineCtr,PlayAnimation,0xDD8D70,0xDD8FF8,0xDD8FF8,ldr,"x2, [x8]"
UISpineCtr,PlayAnimation,0xDD8D70,0xDD8FFC,0xDD8FFC,bl,#0x220b0a0
UISpineCtr,PlayAnimation,0xDD8D70,0xDD9000,0xDD9000,ldr,"x0, [x20, #0x18]"
UISpineCtr,PlayAnimation,0xDD8D70,0xDD9004,0xDD9004,str,"x21, [x20, #0x28]"
UISpineCtr,PlayAnimation,0xDD8D70,0xDD9008,0xDD9008,cbz,"x0, #0xdd9040"
UISpineCtr,PlayAnimation,0xDD8D70,0xDD900C,0xDD900C,mov,"x1, xzr"
UISpineCtr,PlayAnimation,0xDD8D70,0xDD9010,0xDD9010,bl,#0x18c9c94
UISpineCtr,PlayAnimation,0xDD8D70,0xDD9014,0xDD9014,cbz,"x0, #0xdd9040"
UISpineCtr,PlayAnimation,0xDD8D70,0xDD9018,0xDD9018,ldr,"x1, [x20, #0x28]"
UISpineCtr,PlayAnimation,0xDD8D70,0xDD901C,0xDD901C,mov,"x2, xzr"
UISpineCtr,PlayAnimation,0xDD8D70,0xDD9020,0xDD9020,bl,#0x1bb08f8
UISpineCtr,PlayAnimation,0xDD8D70,0xDD9024,0xDD9024,str,"x19, [x20, #0x38]"
UISpineCtr,PlayAnimation,0xDD8D70,0xDD9028,0xDD9028,ldp,"x29, x30, [sp, #0x40]"
UISpineCtr,PlayAnimation,0xDD8D70,0xDD902C,0xDD902C,ldp,"x20, x19, [sp, #0x30]"
UISpineCtr,PlayAnimation,0xDD8D70,0xDD9030,0xDD9030,ldp,"x22, x21, [sp, #0x20]"
UISpineCtr,PlayAnimation,0xDD8D70,0xDD9034,0xDD9034,ldp,"x24, x23, [sp, #0x10]"
UISpineCtr,PlayAnimation,0xDD8D70,0xDD9038,0xDD9038,ldp,"x26, x25, [sp], #0x50"
UISpineCtr,PlayAnimation,0xDD8D70,0xDD903C,0xDD903C,ret,
UISpineCtr,PlayAnimation,0xDD8D70,0xDD9040,0xDD9040,bl,#0xa60094
UISpineCtr,PlayAnimation,0xDD8D70,0xDD9044,0xDD9044,str,"d8, [sp, #-0x40]!"
UISpineCtr,PlayAnimation,0xDD8D70,0xDD9048,0xDD9048,str,"x23, [sp, #8]"
UISpineCtr,PlayAnimation,0xDD8D70,0xDD904C,0xDD904C,stp,"x22, x21, [sp, #0x10]"
UISpineCtr,PlayAnimation,0xDD8D70,0xDD9050,0xDD9050,stp,"x20, x19, [sp, #0x20]"
UISpineCtr,PlayAnimation,0xDD8D70,0xDD9054,0xDD9054,stp,"x29, x30, [sp, #0x30]"
UISpineCtr,PlayAnimation,0xDD8D70,0xDD9058,0xDD9058,add,"x29, sp, #0x30"
UISpineCtr,PlayAnimation,0xDD8D70,0xDD905C,0xDD905C,adrp,"x23, #0x31f8000"
UISpineCtr,PlayAnimation,0xDD8D70,0xDD9060,0xDD9060,ldrb,"w8, [x23, #0x66]"
UISpineCtr,PlayAnimation,0xDD8D70,0xDD9064,0xDD9064,mov,"v8.16b, v0.16b"
UISpineCtr,PlayAnimation,0xDD8D70,0xDD9068,0xDD9068,mov,"w21, w3"
UISpineCtr,PlayAnimation,0xDD8D70,0xDD906C,0xDD906C,mov,"x19, x2"
UISpineCtr,PlayAnimation2,0xDD9188,0xDD9188,0xDD9188,str,"x25, [sp, #-0x50]!"
UISpineCtr,PlayAnimation2,0xDD9188,0xDD918C,0xDD918C,stp,"x24, x23, [sp, #0x10]"
UISpineCtr,PlayAnimation2,0xDD9188,0xDD9190,0xDD9190,stp,"x22, x21, [sp, #0x20]"
UISpineCtr,PlayAnimation2,0xDD9188,0xDD9194,0xDD9194,stp,"x20, x19, [sp, #0x30]"
UISpineCtr,PlayAnimation2,0xDD9188,0xDD9198,0xDD9198,stp,"x29, x30, [sp, #0x40]"
UISpineCtr,PlayAnimation2,0xDD9188,0xDD919C,0xDD919C,add,"x29, sp, #0x40"
UISpineCtr,PlayAnimation2,0xDD9188,0xDD91A0,0xDD91A0,adrp,"x24, #0x31f8000"
UISpineCtr,PlayAnimation2,0xDD9188,0xDD91A4,0xDD91A4,ldrb,"w8, [x24, #0x67]"
UISpineCtr,PlayAnimation2,0xDD9188,0xDD91A8,0xDD91A8,mov,"x19, x4"
UISpineCtr,PlayAnimation2,0xDD9188,0xDD91AC,0xDD91AC,mov,"w23, w3"
UISpineCtr,PlayAnimation2,0xDD9188,0xDD91B0,0xDD91B0,mov,"x21, x2"
UISpineCtr,PlayAnimation2,0xDD9188,0xDD91B4,0xDD91B4,mov,"w22, w1"
UISpineCtr,PlayAnimation2,0xDD9188,0xDD91B8,0xDD91B8,mov,"x20, x0"
UISpineCtr,PlayAnimation2,0xDD9188,0xDD91BC,0xDD91BC,tbnz,"w8, #0, #0xdd91f8"
UISpineCtr,PlayAnimation2,0xDD9188,0xDD91C0,0xDD91C0,adrp,"x0, #0x3026000"
UISpineCtr,PlayAnimation2,0xDD9188,0xDD91C4,0xDD91C4,ldr,"x0, [x0, #0xc50]"
UISpineCtr,PlayAnimation2,0xDD9188,0xDD91C8,0xDD91C8,bl,#0xa5ffc0
UISpineCtr,PlayAnimation2,0xDD9188,0xDD91CC,0xDD91CC,adrp,"x0, #0x302c000"
UISpineCtr,PlayAnimation2,0xDD9188,0xDD91D0,0xDD91D0,ldr,"x0, [x0, #0x6b0]"
UISpineCtr,PlayAnimation2,0xDD9188,0xDD91D4,0xDD91D4,bl,#0xa5ffc0
UISpineCtr,PlayAnimation2,0xDD9188,0xDD91D8,0xDD91D8,adrp,"x0, #0x300e000"
UISpineCtr,PlayAnimation2,0xDD9188,0xDD91DC,0xDD91DC,ldr,"x0, [x0, #0x7c0]"
UISpineCtr,PlayAnimation2,0xDD9188,0xDD91E0,0xDD91E0,bl,#0xa5ffc0
UISpineCtr,PlayAnimation2,0xDD9188,0xDD91E4,0xDD91E4,adrp,"x0, #0x302d000"
UISpineCtr,PlayAnimation2,0xDD9188,0xDD91E8,0xDD91E8,ldr,"x0, [x0, #0x168]"
UISpineCtr,PlayAnimation2,0xDD9188,0xDD91EC,0xDD91EC,bl,#0xa5ffc0
UISpineCtr,PlayAnimation2,0xDD9188,0xDD91F0,0xDD91F0,mov,"w8, #1"
UISpineCtr,PlayAnimation2,0xDD9188,0xDD91F4,0xDD91F4,strb,"w8, [x24, #0x67]"
UISpineCtr,PlayAnimation2,0xDD9188,0xDD91F8,0xDD91F8,mov,"w0, #0x1856"
UISpineCtr,PlayAnimation2,0xDD9188,0xDD91FC,0xDD91FC,mov,"x1, xzr"
UISpineCtr,PlayAnimation2,0xDD9188,0xDD9200,0xDD9200,bl,#0xedcd74
UISpineCtr,PlayAnimation2,0xDD9188,0xDD9204,0xDD9204,tbz,"w0, #0, #0xdd9248"
UISpineCtr,PlayAnimation2,0xDD9188,0xDD9208,0xDD9208,mov,"w0, #0x1856"
UISpineCtr,PlayAnimation2,0xDD9188,0xDD920C,0xDD920C,mov,"x1, xzr"
UISpineCtr,PlayAnimation2,0xDD9188,0xDD9210,0xDD9210,bl,#0xedce44
UISpineCtr,PlayAnimation2,0xDD9188,0xDD9214,0xDD9214,cbz,"x0, #0xdd93dc"
UISpineCtr,PlayAnimation2,0xDD9188,0xDD9218,0xDD9218,and,"w4, w23, #1"
UISpineCtr,PlayAnimation2,0xDD9188,0xDD921C,0xDD921C,mov,"x1, x20"
UISpineCtr,PlayAnimation2,0xDD9188,0xDD9220,0xDD9220,mov,"w2, w22"
UISpineCtr,PlayAnimation2,0xDD9188,0xDD9224,0xDD9224,mov,"x3, x21"
UISpineCtr,PlayAnimation2,0xDD9188,0xDD9228,0xDD9228,mov,"x5, x19"
UISpineCtr,PlayAnimation2,0xDD9188,0xDD922C,0xDD922C,ldp,"x29, x30, [sp, #0x40]"
UISpineCtr,PlayAnimation2,0xDD9188,0xDD9230,0xDD9230,ldp,"x20, x19, [sp, #0x30]"
UISpineCtr,PlayAnimation2,0xDD9188,0xDD9234,0xDD9234,ldp,"x22, x21, [sp, #0x20]"
UISpineCtr,PlayAnimation2,0xDD9188,0xDD9238,0xDD9238,ldp,"x24, x23, [sp, #0x10]"
UISpineCtr,PlayAnimation2,0xDD9188,0xDD923C,0xDD923C,mov,"x6, xzr"
UISpineCtr,PlayAnimation2,0xDD9188,0xDD9240,0xDD9240,ldr,"x25, [sp], #0x50"
UISpineCtr,PlayAnimation2,0xDD9188,0xDD9244,0xDD9244,b,#0xb031ec
UISpineCtr,PlayAnimation2,0xDD9188,0xDD9248,0xDD9248,adrp,"x25, #0x302c000"
UISpineCtr,PlayAnimation2,0xDD9188,0xDD924C,0xDD924C,ldr,"x25, [x25, #0x6b0]"
UISpineCtr,PlayAnimation2,0xDD9188,0xDD9250,0xDD9250,ldr,"x24, [x20, #0x18]"
UISpineCtr,PlayAnimation2,0xDD9188,0xDD9254,0xDD9254,ldr,"x0, [x25]"
UISpineCtr,PlayAnimation2,0xDD9188,0xDD9258,0xDD9258,ldrb,"w8, [x0, #0x133]"
UISpineCtr,PlayAnimation2,0xDD9188,0xDD925C,0xDD925C,tbz,"w8, #1, #0xdd926c"
UISpineCtr,PlayAnimation2,0xDD9188,0xDD9260,0xDD9260,ldr,"w8, [x0, #0xe0]"
UISpineCtr,PlayAnimation2,0xDD9188,0xDD9264,0xDD9264,cbnz,"w8, #0xdd926c"
UISpineCtr,PlayAnimation2,0xDD9188,0xDD9268,0xDD9268,bl,#0xa60070
UISpineCtr,PlayAnimation2,0xDD9188,0xDD926C,0xDD926C,mov,"x0, x24"
UISpineCtr,PlayAnimation2,0xDD9188,0xDD9270,0xDD9270,mov,"x1, xzr"
UISpineCtr,PlayAnimation2,0xDD9188,0xDD9274,0xDD9274,mov,"x2, xzr"
UISpineCtr,PlayAnimation2,0xDD9188,0xDD9278,0xDD9278,bl,#0x167bf90
UISpineCtr,PlayAnimation2,0xDD9188,0xDD927C,0xDD927C,tbz,"w0, #0, #0xdd92a0"
UISpineCtr,PlayAnimation2,0xDD9188,0xDD9280,0xDD9280,adrp,"x8, #0x3026000"
UISpineCtr,PlayAnimation2,0xDD9188,0xDD9284,0xDD9284,ldr,"x8, [x8, #0xc50]"
UISpineCtr,PlayAnimation2,0xDD9188,0xDD9288,0xDD9288,mov,"x0, x20"
UISpineCtr,PlayAnimation2,0xDD9188,0xDD928C,0xDD928C,ldr,"x1, [x8]"
UISpineCtr,PlayAnimation2,0xDD9188,0xDD9290,0xDD9290,bl,#0xcb90e8
UISpineCtr,PlayAnimation2,0xDD9188,0xDD9294,0xDD9294,mov,"x24, x0"
UISpineCtr,PlayAnimation2,0xDD9188,0xDD9298,0xDD9298,str,"x0, [x20, #0x18]"
UISpineCtr,PlayAnimation2,0xDD9188,0xDD929C,0xDD929C,b,#0xdd92a4
UISpineCtr,PlayAnimation2,0xDD9188,0xDD92A0,0xDD92A0,ldr,"x24, [x20, #0x18]"
UISpineCtr,PlayAnimation2,0xDD9188,0xDD92A4,0xDD92A4,ldr,"x0, [x25]"
UISpineCtr,PlayAnimation2,0xDD9188,0xDD92A8,0xDD92A8,ldrb,"w8, [x0, #0x133]"
UISpineCtr,PlayAnimation2,0xDD9188,0xDD92AC,0xDD92AC,tbz,"w8, #1, #0xdd92bc"
UISpineCtr,PlayAnimation2,0xDD9188,0xDD92B0,0xDD92B0,ldr,"w8, [x0, #0xe0]"
UISpineCtr,PlayAnimation2,0xDD9188,0xDD92B4,0xDD92B4,cbnz,"w8, #0xdd92bc"
UISpineCtr,PlayAnimation2,0xDD9188,0xDD92B8,0xDD92B8,bl,#0xa60070
UISpineCtr,PlayAnimation2,0xDD9188,0xDD92BC,0xDD92BC,mov,"x0, x24"
UISpineCtr,PlayAnimation2,0xDD9188,0xDD92C0,0xDD92C0,mov,"x1, xzr"
UISpineCtr,PlayAnimation2,0xDD9188,0xDD92C4,0xDD92C4,mov,"x2, xzr"
UISpineCtr,PlayAnimation2,0xDD9188,0xDD92C8,0xDD92C8,bl,#0x167bf90
UISpineCtr,PlayAnimation2,0xDD9188,0xDD92CC,0xDD92CC,tbnz,"w0, #0, #0xdd93c4"
UISpineCtr,PlayAnimation2,0xDD9188,0xDD92D0,0xDD92D0,ldr,"x0, [x20, #0x18]"
UISpineCtr,PlayAnimation2,0xDD9188,0xDD92D4,0xDD92D4,cbz,"x0, #0xdd93dc"
UISpineCtr,PlayAnimation2,0xDD9188,0xDD92D8,0xDD92D8,mov,"x1, xzr"
UISpineCtr,PlayAnimation2,0xDD9188,0xDD92DC,0xDD92DC,bl,#0x18c9c94
UISpineCtr,PlayAnimation2,0xDD9188,0xDD92E0,0xDD92E0,cbz,"x0, #0xdd93c4"
UISpineCtr,PlayAnimation2,0xDD9188,0xDD92E4,0xDD92E4,ldr,"x8, [x20, #0x20]"
UISpineCtr,PlayAnimation2,0xDD9188,0xDD92E8,0xDD92E8,cbz,"x8, #0xdd9318"
UISpineCtr,PlayAnimation2,0xDD9188,0xDD92EC,0xDD92EC,ldr,"x0, [x20, #0x18]"
UISpineCtr,PlayAnimation2,0xDD9188,0xDD92F0,0xDD92F0,str,"xzr, [x20, #0x30]"
UISpineCtr,PlayAnimation2,0xDD9188,0xDD92F4,0xDD92F4,str,"xzr, [x20, #0x40]"
UISpineCtr,PlayAnimation2,0xDD9188,0xDD92F8,0xDD92F8,cbz,"x0, #0xdd93dc"
UISpineCtr,PlayAnimation2,0xDD9188,0xDD92FC,0xDD92FC,mov,"x1, xzr"
UISpineCtr,PlayAnimation2,0xDD9188,0xDD9300,0xDD9300,bl,#0x18c9c94
UISpineCtr,PlayAnimation2,0xDD9188,0xDD9304,0xDD9304,cbz,"x0, #0xdd93dc"
UISpineCtr,PlayAnimation2,0xDD9188,0xDD9308,0xDD9308,ldr,"x1, [x20, #0x20]"
UISpineCtr,PlayAnimation2,0xDD9188,0xDD930C,0xDD930C,mov,"x2, xzr"
UISpineCtr,PlayAnimation2,0xDD9188,0xDD9310,0xDD9310,bl,#0x1bb0858
UISpineCtr,PlayAnimation2,0xDD9188,0xDD9314,0xDD9314,str,"xzr, [x20, #0x20]"
UISpineCtr,PlayAnimation2,0xDD9188,0xDD9318,0xDD9318,ldr,"x8, [x20, #0x28]"
UISpineCtr,PlayAnimation2,0xDD9188,0xDD931C,0xDD931C,cbz,"x8, #0xdd9344"
UISpineCtr,PlayAnimation2,0xDD9188,0xDD9320,0xDD9320,ldr,"x0, [x20, #0x18]"
UISpineCtr,PlayAnimation2,0xDD9188,0xDD9324,0xDD9324,cbz,"x0, #0xdd93dc"
UISpineCtr,PlayAnimation2,0xDD9188,0xDD9328,0xDD9328,mov,"x1, xzr"
UISpineCtr,PlayAnimation2,0xDD9188,0xDD932C,0xDD932C,bl,#0x18c9c94
UISpineCtr,PlayAnimation2,0xDD9188,0xDD9330,0xDD9330,cbz,"x0, #0xdd93dc"
UISpineCtr,PlayAnimation2,0xDD9188,0xDD9334,0xDD9334,ldr,"x1, [x20, #0x28]"
UISpineCtr,PlayAnimation2,0xDD9188,0xDD9338,0xDD9338,mov,"x2, xzr"
UISpineCtr,PlayAnimation2,0xDD9188,0xDD933C,0xDD933C,bl,#0x1bb0998
UISpineCtr,PlayAnimation2,0xDD9188,0xDD9340,0xDD9340,str,"xzr, [x20, #0x28]"
UISpineCtr,PlayAnimation2,0xDD9188,0xDD9344,0xDD9344,ldr,"x0, [x20, #0x18]"
UISpineCtr,PlayAnimation2,0xDD9188,0xDD9348,0xDD9348,cbz,"x0, #0xdd93dc"
UISpineCtr,PlayAnimation2,0xDD9188,0xDD934C,0xDD934C,mov,"x1, xzr"
UISpineCtr,PlayAnimation2,0xDD9188,0xDD9350,0xDD9350,bl,#0x18c9c94
UISpineCtr,PlayAnimation2,0xDD9188,0xDD9354,0xDD9354,cbz,"x0, #0xdd93dc"
UISpineCtr,PlayAnimation2,0xDD9188,0xDD9358,0xDD9358,and,"w3, w23, #1"
UISpineCtr,PlayAnimation2,0xDD9188,0xDD935C,0xDD935C,mov,"w1, w22"
UISpineCtr,PlayAnimation2,0xDD9188,0xDD9360,0xDD9360,mov,"x2, x21"
UISpineCtr,PlayAnimation2,0xDD9188,0xDD9364,0xDD9364,mov,"x4, xzr"
UISpineCtr,PlayAnimation2,0xDD9188,0xDD9368,0xDD9368,bl,#0x1bb2cd0
UISpineCtr,PlayAnimation2,0xDD9188,0xDD936C,0xDD936C,cbz,"x19, #0xdd93c4"
UISpineCtr,PlayAnimation2,0xDD9188,0xDD9370,0xDD9370,adrp,"x8, #0x300e000"
UISpineCtr,PlayAnimation2,0xDD9188,0xDD9374,0xDD9374,ldr,"x8, [x8, #0x7c0]"
UISpineCtr,PlayAnimation2,0xDD9188,0xDD9378,0xDD9378,ldr,"x0, [x8]"
UISpineCtr,PlayAnimation2,0xDD9188,0xDD937C,0xDD937C,bl,#0xa6008c
UISpineCtr,PlayAnimation2,0xDD9188,0xDD9380,0xDD9380,adrp,"x8, #0x302d000"
UISpineCtr,PlayAnimation2,0xDD9188,0xDD9384,0xDD9384,ldr,"x8, [x8, #0x168]"
UISpineCtr,PlayAnimation2,0xDD9188,0xDD9388,0xDD9388,mov,"x1, x20"
UISpineCtr,PlayAnimation2,0xDD9188,0xDD938C,0xDD938C,mov,"x3, xzr"
UISpineCtr,PlayAnimation2,0xDD9188,0xDD9390,0xDD9390,mov,"x21, x0"
UISpineCtr,PlayAnimation2,0xDD9188,0xDD9394,0xDD9394,ldr,"x2, [x8]"
UISpineCtr,PlayAnimation2,0xDD9188,0xDD9398,0xDD9398,bl,#0x220ae54
UISpineCtr,PlayAnimation2,0xDD9188,0xDD939C,0xDD939C,ldr,"x0, [x20, #0x18]"
UISpineCtr,PlayAnimation2,0xDD9188,0xDD93A0,0xDD93A0,str,"x21, [x20, #0x20]"
UISpineCtr,PlayAnimation2,0xDD9188,0xDD93A4,0xDD93A4,cbz,"x0, #0xdd93dc"
UISpineCtr,PlayAnimation2,0xDD9188,0xDD93A8,0xDD93A8,mov,"x1, xzr"
UISpineCtr,PlayAnimation2,0xDD9188,0xDD93AC,0xDD93AC,bl,#0x18c9c94
UISpineCtr,PlayAnimation2,0xDD9188,0xDD93B0,0xDD93B0,cbz,"x0, #0xdd93dc"
UISpineCtr,PlayAnimation2,0xDD9188,0xDD93B4,0xDD93B4,ldr,"x1, [x20, #0x20]"
UISpineCtr,PlayAnimation2,0xDD9188,0xDD93B8,0xDD93B8,mov,"x2, xzr"
UISpineCtr,PlayAnimation2,0xDD9188,0xDD93BC,0xDD93BC,bl,#0x1bb07b8
UISpineCtr,PlayAnimation2,0xDD9188,0xDD93C0,0xDD93C0,str,"x19, [x20, #0x40]"
UISpineCtr,PlayAnimation2,0xDD9188,0xDD93C4,0xDD93C4,ldp,"x29, x30, [sp, #0x40]"
UISpineCtr,PlayAnimation2,0xDD9188,0xDD93C8,0xDD93C8,ldp,"x20, x19, [sp, #0x30]"
UISpineCtr,PlayAnimation2,0xDD9188,0xDD93CC,0xDD93CC,ldp,"x22, x21, [sp, #0x20]"
UISpineCtr,PlayAnimation2,0xDD9188,0xDD93D0,0xDD93D0,ldp,"x24, x23, [sp, #0x10]"
UISpineCtr,PlayAnimation2,0xDD9188,0xDD93D4,0xDD93D4,ldr,"x25, [sp], #0x50"
UISpineCtr,PlayAnimation2,0xDD9188,0xDD93D8,0xDD93D8,ret,
UISpineCtr,PlayAnimation2,0xDD9188,0xDD93DC,0xDD93DC,bl,#0xa60094
UISpineCtr,PlayAnimation2,0xDD9188,0xDD93E0,0xDD93E0,str,"d8, [sp, #-0x30]!"
UISpineCtr,PlayAnimation2,0xDD9188,0xDD93E4,0xDD93E4,str,"x21, [sp, #8]"
UISpineCtr,PlayAnimation2,0xDD9188,0xDD93E8,0xDD93E8,stp,"x20, x19, [sp, #0x10]"
UISpineCtr,PlayAnimation2,0xDD9188,0xDD93EC,0xDD93EC,stp,"x29, x30, [sp, #0x20]"
UISpineCtr,PlayAnimation2,0xDD9188,0xDD93F0,0xDD93F0,add,"x29, sp, #0x20"
UISpineCtr,PlayAnimation2,0xDD9188,0xDD93F4,0xDD93F4,adrp,"x21, #0x31f8000"
UISpineCtr,PlayAnimation2,0xDD9188,0xDD93F8,0xDD93F8,ldrb,"w8, [x21, #0x68]"
UISpineCtr,PlayAnimation2,0xDD9188,0xDD93FC,0xDD93FC,mov,"v8.16b, v0.16b"
UISpineCtr,PlayAnimation2,0xDD9188,0xDD9400,0xDD9400,mov,"w20, w1"
UISpineCtr,PlayAnimation2,0xDD9188,0xDD9404,0xDD9404,mov,"x19, x0"
