captureOrder,section,fieldPath,snapshotGroup,requiredFor,sourceClassification,staticValueOrEvidence,requiresRuntimeSnapshot,forbiddenToGuess,approvalLevel,hookPoint,visibleMismatchUnblocked,minimalCaptureReason
1,formRuntime,forms.UI_Dock.activeInHierarchy,form identity and transform state,final active state,requires_runtime_snapshot,,True,True,approved_original_runtime_dump_required,snapshot template fill,"UI_Dock bottom nav, source root/form stack, UI144 non-promotion",Required for exact form parent/depth decision.
2,formRuntime,forms.UI_Dock.activeSelf,form identity and transform state,final active state,requires_runtime_snapshot,,True,True,approved_original_runtime_dump_required,snapshot template fill,"UI_Dock bottom nav, source root/form stack, UI144 non-promotion",Required for exact form parent/depth decision.
3,formRuntime,forms.UI_Dock.anchoredPosition,form identity and transform state,runtime transform verification,requires_runtime_snapshot,,True,True,approved_original_runtime_dump_required,snapshot template fill,"UI_Dock bottom nav, source root/form stack, UI144 non-promotion",Required for exact form parent/depth decision.
4,formRuntime,forms.UI_Dock.disableUILayer,form identity and transform state,depth branch,already_statically_known,True,False,False,no_execution_static_schema_only,snapshot template fill,"UI_Dock bottom nav, source root/form stack, UI144 non-promotion",Source-known static identity field.
5,formRuntime,forms.UI_Dock.formId,form identity and transform state,identify form,already_statically_known,248,False,False,no_execution_static_schema_only,snapshot template fill,"UI_Dock bottom nav, source root/form stack, UI144 non-promotion",Source-known static identity field.
6,formRuntime,forms.UI_Dock.formName,form identity and transform state,identify form,already_statically_known,UI_Dock,False,False,no_execution_static_schema_only,snapshot template fill,"UI_Dock bottom nav, source root/form stack, UI144 non-promotion",Source-known static identity field.
7,formRuntime,forms.UI_Dock.localPosition,form identity and transform state,runtime transform verification,requires_runtime_snapshot,,True,True,approved_original_runtime_dump_required,snapshot template fill,"UI_Dock bottom nav, source root/form stack, UI144 non-promotion",Required for exact form parent/depth decision.
8,formRuntime,forms.UI_Dock.localScale,form identity and transform state,runtime transform verification,requires_runtime_snapshot,,True,True,approved_original_runtime_dump_required,snapshot template fill,"UI_Dock bottom nav, source root/form stack, UI144 non-promotion",Required for exact form parent/depth decision.
9,formRuntime,forms.UI_Dock.siblingIndex,form identity and transform state,production sibling/order,requires_runtime_snapshot,,True,True,approved_original_runtime_dump_required,snapshot template fill,"UI_Dock bottom nav, source root/form stack, UI144 non-promotion",Required for exact form parent/depth decision.
10,formRuntime,forms.UI_Dock.sizeDelta,form identity and transform state,runtime transform verification,requires_runtime_snapshot,,True,True,approved_original_runtime_dump_required,snapshot template fill,"UI_Dock bottom nav, source root/form stack, UI144 non-promotion",Required for exact form parent/depth decision.
11,formRuntime,forms.UI_Dock.sourcePrefabPath,form identity and transform state,asset selection,already_statically_known,UIPrefabAndRes/MainInterface/Prefabs/UI_Dock,False,False,no_execution_static_schema_only,snapshot template fill,"UI_Dock bottom nav, source root/form stack, UI144 non-promotion",Source-known static identity field.
12,formRuntime,forms.UI_MainPage.activeInHierarchy,form identity and transform state,final active state,requires_runtime_snapshot,,True,True,approved_original_runtime_dump_required,snapshot template fill,"old-root vs new-root, UI_MainPage form stack/depth, home layout layer order",Required for exact form parent/depth decision.
13,formRuntime,forms.UI_MainPage.activeSelf,form identity and transform state,final active state,requires_runtime_snapshot,,True,True,approved_original_runtime_dump_required,snapshot template fill,"old-root vs new-root, UI_MainPage form stack/depth, home layout layer order",Required for exact form parent/depth decision.
14,formRuntime,forms.UI_MainPage.anchoredPosition,form identity and transform state,runtime transform verification,requires_runtime_snapshot,,True,True,approved_original_runtime_dump_required,snapshot template fill,"old-root vs new-root, UI_MainPage form stack/depth, home layout layer order",Required for exact form parent/depth decision.
15,formRuntime,forms.UI_MainPage.disableUILayer,form identity and transform state,depth branch,already_statically_known,True,False,False,no_execution_static_schema_only,snapshot template fill,"old-root vs new-root, UI_MainPage form stack/depth, home layout layer order",Source-known static identity field.
16,formRuntime,forms.UI_MainPage.formId,form identity and transform state,identify form,already_statically_known,249,False,False,no_execution_static_schema_only,snapshot template fill,"old-root vs new-root, UI_MainPage form stack/depth, home layout layer order",Source-known static identity field.
17,formRuntime,forms.UI_MainPage.formName,form identity and transform state,identify form,already_statically_known,UI_MainPage,False,False,no_execution_static_schema_only,snapshot template fill,"old-root vs new-root, UI_MainPage form stack/depth, home layout layer order",Source-known static identity field.
18,formRuntime,forms.UI_MainPage.localPosition,form identity and transform state,runtime transform verification,requires_runtime_snapshot,,True,True,approved_original_runtime_dump_required,snapshot template fill,"old-root vs new-root, UI_MainPage form stack/depth, home layout layer order",Required for exact form parent/depth decision.
19,formRuntime,forms.UI_MainPage.localScale,form identity and transform state,runtime transform verification,requires_runtime_snapshot,,True,True,approved_original_runtime_dump_required,snapshot template fill,"old-root vs new-root, UI_MainPage form stack/depth, home layout layer order",Required for exact form parent/depth decision.
20,formRuntime,forms.UI_MainPage.siblingIndex,form identity and transform state,production sibling/order,requires_runtime_snapshot,,True,True,approved_original_runtime_dump_required,snapshot template fill,"old-root vs new-root, UI_MainPage form stack/depth, home layout layer order",Required for exact form parent/depth decision.
21,formRuntime,forms.UI_MainPage.sizeDelta,form identity and transform state,runtime transform verification,requires_runtime_snapshot,,True,True,approved_original_runtime_dump_required,snapshot template fill,"old-root vs new-root, UI_MainPage form stack/depth, home layout layer order",Required for exact form parent/depth decision.
22,formRuntime,forms.UI_MainPage.sourcePrefabPath,form identity and transform state,asset selection,already_statically_known,UIPrefabAndRes/MainInterface/Prefabs/UI_MainInterface,False,False,no_execution_static_schema_only,snapshot template fill,"old-root vs new-root, UI_MainPage form stack/depth, home layout layer order",Source-known static identity field.
23,formRuntime,forms.UI_Dock.parentTransformFullPath,UI_Dock/UI_MainPage parent/group/depth/form stack,production parent/group path,requires_runtime_snapshot,,True,True,approved_original_runtime_dump_required,GameEntry.UI:OpenUIForm / YouYouUIManager.OpenUIForm,"UI_Dock bottom nav, source root/form stack, UI144 non-promotion",Required for exact form parent/depth decision.
24,formRuntime,forms.UI_Dock.uiFormBase.currCanvasSortingOrder,UI_Dock/UI_MainPage parent/group/depth/form stack,UI140 formula,requires_runtime_snapshot,,True,True,approved_original_runtime_dump_required,UIFormBase.Open / YouYouCanvasHelper.ResetRenderDepth,"UI_Dock bottom nav, source root/form stack, UI144 non-promotion",Required for exact form parent/depth decision.
25,formRuntime,forms.UI_Dock.uiFormBase.depth,UI_Dock/UI_MainPage parent/group/depth/form stack,UI140 formula,requires_runtime_snapshot,,True,True,approved_original_runtime_dump_required,UIFormBase.Open / YouYouCanvasHelper.ResetRenderDepth,"UI_Dock bottom nav, source root/form stack, UI144 non-promotion",Required for exact form parent/depth decision.
26,formRuntime,forms.UI_Dock.uiFormBase.groupId,UI_Dock/UI_MainPage parent/group/depth/form stack,UI140 formula,requires_runtime_snapshot,,True,True,approved_original_runtime_dump_required,UIFormBase.Open / YouYouCanvasHelper.ResetRenderDepth,"UI_Dock bottom nav, source root/form stack, UI144 non-promotion",Required for exact form parent/depth decision.
27,formRuntime,forms.UI_Dock.uiGroup.baseOrder,UI_Dock/UI_MainPage parent/group/depth/form stack,effective UI layer,requires_runtime_snapshot,,True,True,approved_original_runtime_dump_required,GameEntry.UI:OpenUIForm / YouYouUIManager.OpenUIForm,"UI_Dock bottom nav, source root/form stack, UI144 non-promotion",Required for exact form parent/depth decision.
28,formRuntime,forms.UI_Dock.uiGroup.groupId,UI_Dock/UI_MainPage parent/group/depth/form stack,effective UI group,static_partial_known_but_runtime_effective_value_required,1 static only,True,True,approved_original_runtime_dump_required,GameEntry.UI:OpenUIForm / YouYouUIManager.OpenUIForm,"UI_Dock bottom nav, source root/form stack, UI144 non-promotion",Required for exact form parent/depth decision.
29,formRuntime,forms.UI_Dock.uiGroup.groupObjectPath,UI_Dock/UI_MainPage parent/group/depth/form stack,effective UI group,requires_runtime_snapshot,,True,True,approved_original_runtime_dump_required,GameEntry.UI:OpenUIForm / YouYouUIManager.OpenUIForm,"UI_Dock bottom nav, source root/form stack, UI144 non-promotion",Required for exact form parent/depth decision.
30,formRuntime,forms.UI_Dock.uiGroup.layerObjectPath,UI_Dock/UI_MainPage parent/group/depth/form stack,effective UI layer,requires_runtime_snapshot,,True,True,approved_original_runtime_dump_required,GameEntry.UI:OpenUIForm / YouYouUIManager.OpenUIForm,"UI_Dock bottom nav, source root/form stack, UI144 non-promotion",Required for exact form parent/depth decision.
31,formRuntime,forms.UI_Dock.uiGroup.sortingCursorAfterOpen,UI_Dock/UI_MainPage parent/group/depth/form stack,depth formula,requires_runtime_snapshot,,True,True,approved_original_runtime_dump_required,GameEntry.UI:OpenUIForm / YouYouUIManager.OpenUIForm,"UI_Dock bottom nav, source root/form stack, UI144 non-promotion",Required for exact form parent/depth decision.
32,formRuntime,forms.UI_Dock.uiGroup.sortingCursorBeforeOpen,UI_Dock/UI_MainPage parent/group/depth/form stack,depth formula,requires_runtime_snapshot,,True,True,approved_original_runtime_dump_required,GameEntry.UI:OpenUIForm / YouYouUIManager.OpenUIForm,"UI_Dock bottom nav, source root/form stack, UI144 non-promotion",Required for exact form parent/depth decision.
33,formRuntime,forms.UI_MainPage.parentTransformFullPath,UI_Dock/UI_MainPage parent/group/depth/form stack,production parent/group path,requires_runtime_snapshot,,True,True,approved_original_runtime_dump_required,GameEntry.UI:OpenUIForm / YouYouUIManager.OpenUIForm,"old-root vs new-root, UI_MainPage form stack/depth, home layout layer order",Required for exact form parent/depth decision.
34,formRuntime,forms.UI_MainPage.uiFormBase.currCanvasSortingOrder,UI_Dock/UI_MainPage parent/group/depth/form stack,UI140 formula,requires_runtime_snapshot,,True,True,approved_original_runtime_dump_required,UIFormBase.Open / YouYouCanvasHelper.ResetRenderDepth,"old-root vs new-root, UI_MainPage form stack/depth, home layout layer order",Required for exact form parent/depth decision.
35,formRuntime,forms.UI_MainPage.uiFormBase.depth,UI_Dock/UI_MainPage parent/group/depth/form stack,UI140 formula,requires_runtime_snapshot,,True,True,approved_original_runtime_dump_required,UIFormBase.Open / YouYouCanvasHelper.ResetRenderDepth,"old-root vs new-root, UI_MainPage form stack/depth, home layout layer order",Required for exact form parent/depth decision.
36,formRuntime,forms.UI_MainPage.uiFormBase.groupId,UI_Dock/UI_MainPage parent/group/depth/form stack,UI140 formula,requires_runtime_snapshot,,True,True,approved_original_runtime_dump_required,UIFormBase.Open / YouYouCanvasHelper.ResetRenderDepth,"old-root vs new-root, UI_MainPage form stack/depth, home layout layer order",Required for exact form parent/depth decision.
37,formRuntime,forms.UI_MainPage.uiGroup.baseOrder,UI_Dock/UI_MainPage parent/group/depth/form stack,effective UI layer,requires_runtime_snapshot,,True,True,approved_original_runtime_dump_required,GameEntry.UI:OpenUIForm / YouYouUIManager.OpenUIForm,"old-root vs new-root, UI_MainPage form stack/depth, home layout layer order",Required for exact form parent/depth decision.
38,formRuntime,forms.UI_MainPage.uiGroup.groupId,UI_Dock/UI_MainPage parent/group/depth/form stack,effective UI group,static_partial_known_but_runtime_effective_value_required,1 static only,True,True,approved_original_runtime_dump_required,GameEntry.UI:OpenUIForm / YouYouUIManager.OpenUIForm,"old-root vs new-root, UI_MainPage form stack/depth, home layout layer order",Required for exact form parent/depth decision.
39,formRuntime,forms.UI_MainPage.uiGroup.groupObjectPath,UI_Dock/UI_MainPage parent/group/depth/form stack,effective UI group,requires_runtime_snapshot,,True,True,approved_original_runtime_dump_required,GameEntry.UI:OpenUIForm / YouYouUIManager.OpenUIForm,"old-root vs new-root, UI_MainPage form stack/depth, home layout layer order",Required for exact form parent/depth decision.
40,formRuntime,forms.UI_MainPage.uiGroup.layerObjectPath,UI_Dock/UI_MainPage parent/group/depth/form stack,effective UI layer,requires_runtime_snapshot,,True,True,approved_original_runtime_dump_required,GameEntry.UI:OpenUIForm / YouYouUIManager.OpenUIForm,"old-root vs new-root, UI_MainPage form stack/depth, home layout layer order",Required for exact form parent/depth decision.
41,formRuntime,forms.UI_MainPage.uiGroup.sortingCursorAfterOpen,UI_Dock/UI_MainPage parent/group/depth/form stack,depth formula,requires_runtime_snapshot,,True,True,approved_original_runtime_dump_required,GameEntry.UI:OpenUIForm / YouYouUIManager.OpenUIForm,"old-root vs new-root, UI_MainPage form stack/depth, home layout layer order",Required for exact form parent/depth decision.
42,formRuntime,forms.UI_MainPage.uiGroup.sortingCursorBeforeOpen,UI_Dock/UI_MainPage parent/group/depth/form stack,depth formula,requires_runtime_snapshot,,True,True,approved_original_runtime_dump_required,GameEntry.UI:OpenUIForm / YouYouUIManager.OpenUIForm,"old-root vs new-root, UI_MainPage form stack/depth, home layout layer order",Required for exact form parent/depth decision.
43,formRuntime,forms.UI_Dock.canvasGroup.alpha,root Canvas/CanvasGroup effective render state,raycast/visibility,static_partial_known_but_runtime_effective_value_required,1 source,True,True,approved_original_runtime_dump_required,snapshot template fill,"UI_Dock bottom nav, source root/form stack, UI144 non-promotion",Required for exact form parent/depth decision.
44,formRuntime,forms.UI_Dock.canvasGroup.blocksRaycasts,root Canvas/CanvasGroup effective render state,raycast/visibility,static_partial_known_but_runtime_effective_value_required,true source,True,True,approved_original_runtime_dump_required,snapshot template fill,"UI_Dock bottom nav, source root/form stack, UI144 non-promotion",Required for exact form parent/depth decision.
45,formRuntime,forms.UI_Dock.canvasGroup.interactable,root Canvas/CanvasGroup effective render state,raycast/visibility,static_partial_known_but_runtime_effective_value_required,true source,True,True,approved_original_runtime_dump_required,snapshot template fill,"UI_Dock bottom nav, source root/form stack, UI144 non-promotion",Required for exact form parent/depth decision.
46,formRuntime,forms.UI_Dock.rootCanvas.overrideSorting,root Canvas/CanvasGroup effective render state,render order,static_partial_known_but_runtime_effective_value_required,false source,True,True,approved_original_runtime_dump_required,UIFormBase.Open / YouYouCanvasHelper.ResetRenderDepth,"UI_Dock bottom nav, source root/form stack, UI144 non-promotion",Required for exact form parent/depth decision.
47,formRuntime,forms.UI_Dock.rootCanvas.planeDistance,root Canvas/CanvasGroup effective render state,render order,static_partial_known_but_runtime_effective_value_required,100 source,True,True,approved_original_runtime_dump_required,UIFormBase.Open / YouYouCanvasHelper.ResetRenderDepth,"UI_Dock bottom nav, source root/form stack, UI144 non-promotion",Required for exact form parent/depth decision.
48,formRuntime,forms.UI_Dock.rootCanvas.renderMode,root Canvas/CanvasGroup effective render state,render order,static_partial_known_but_runtime_effective_value_required,ScreenSpaceCamera source,True,True,approved_original_runtime_dump_required,UIFormBase.Open / YouYouCanvasHelper.ResetRenderDepth,"UI_Dock bottom nav, source root/form stack, UI144 non-promotion",Required for exact form parent/depth decision.
49,formRuntime,forms.UI_Dock.rootCanvas.sortingLayerID,root Canvas/CanvasGroup effective render state,render order,requires_runtime_snapshot,,True,True,approved_original_runtime_dump_required,UIFormBase.Open / YouYouCanvasHelper.ResetRenderDepth,"UI_Dock bottom nav, source root/form stack, UI144 non-promotion",Required for exact form parent/depth decision.
50,formRuntime,forms.UI_Dock.rootCanvas.sortingOrder,root Canvas/CanvasGroup effective render state,render order,static_partial_known_but_runtime_effective_value_required,UI_Dock source=100; UI_MainInterface source=0,True,True,approved_original_runtime_dump_required,UIFormBase.Open / YouYouCanvasHelper.ResetRenderDepth,"UI_Dock bottom nav, source root/form stack, UI144 non-promotion",Required for exact form parent/depth decision.
51,formRuntime,forms.UI_Dock.rootCanvas.targetDisplay,root Canvas/CanvasGroup effective render state,render order,requires_runtime_snapshot,,True,True,approved_original_runtime_dump_required,UIFormBase.Open / YouYouCanvasHelper.ResetRenderDepth,"UI_Dock bottom nav, source root/form stack, UI144 non-promotion",Required for exact form parent/depth decision.
52,formRuntime,forms.UI_Dock.rootCanvas.worldCameraFullPath,root Canvas/CanvasGroup effective render state,render order,requires_runtime_snapshot,,True,True,approved_original_runtime_dump_required,UIFormBase.Open / YouYouCanvasHelper.ResetRenderDepth,"UI_Dock bottom nav, source root/form stack, UI144 non-promotion",Required for exact form parent/depth decision.
53,formRuntime,forms.UI_MainPage.canvasGroup.alpha,root Canvas/CanvasGroup effective render state,raycast/visibility,static_partial_known_but_runtime_effective_value_required,1 source,True,True,approved_original_runtime_dump_required,snapshot template fill,"old-root vs new-root, UI_MainPage form stack/depth, home layout layer order",Required for exact form parent/depth decision.
54,formRuntime,forms.UI_MainPage.canvasGroup.blocksRaycasts,root Canvas/CanvasGroup effective render state,raycast/visibility,static_partial_known_but_runtime_effective_value_required,true source,True,True,approved_original_runtime_dump_required,snapshot template fill,"old-root vs new-root, UI_MainPage form stack/depth, home layout layer order",Required for exact form parent/depth decision.
55,formRuntime,forms.UI_MainPage.canvasGroup.interactable,root Canvas/CanvasGroup effective render state,raycast/visibility,static_partial_known_but_runtime_effective_value_required,true source,True,True,approved_original_runtime_dump_required,snapshot template fill,"old-root vs new-root, UI_MainPage form stack/depth, home layout layer order",Required for exact form parent/depth decision.
56,formRuntime,forms.UI_MainPage.rootCanvas.overrideSorting,root Canvas/CanvasGroup effective render state,render order,static_partial_known_but_runtime_effective_value_required,false source,True,True,approved_original_runtime_dump_required,UIFormBase.Open / YouYouCanvasHelper.ResetRenderDepth,"old-root vs new-root, UI_MainPage form stack/depth, home layout layer order",Required for exact form parent/depth decision.
57,formRuntime,forms.UI_MainPage.rootCanvas.planeDistance,root Canvas/CanvasGroup effective render state,render order,static_partial_known_but_runtime_effective_value_required,100 source,True,True,approved_original_runtime_dump_required,UIFormBase.Open / YouYouCanvasHelper.ResetRenderDepth,"old-root vs new-root, UI_MainPage form stack/depth, home layout layer order",Required for exact form parent/depth decision.
58,formRuntime,forms.UI_MainPage.rootCanvas.renderMode,root Canvas/CanvasGroup effective render state,render order,static_partial_known_but_runtime_effective_value_required,ScreenSpaceCamera source,True,True,approved_original_runtime_dump_required,UIFormBase.Open / YouYouCanvasHelper.ResetRenderDepth,"old-root vs new-root, UI_MainPage form stack/depth, home layout layer order",Required for exact form parent/depth decision.
59,formRuntime,forms.UI_MainPage.rootCanvas.sortingLayerID,root Canvas/CanvasGroup effective render state,render order,requires_runtime_snapshot,,True,True,approved_original_runtime_dump_required,UIFormBase.Open / YouYouCanvasHelper.ResetRenderDepth,"old-root vs new-root, UI_MainPage form stack/depth, home layout layer order",Required for exact form parent/depth decision.
60,formRuntime,forms.UI_MainPage.rootCanvas.sortingOrder,root Canvas/CanvasGroup effective render state,render order,static_partial_known_but_runtime_effective_value_required,UI_Dock source=100; UI_MainInterface source=0,True,True,approved_original_runtime_dump_required,UIFormBase.Open / YouYouCanvasHelper.ResetRenderDepth,"old-root vs new-root, UI_MainPage form stack/depth, home layout layer order",Required for exact form parent/depth decision.
61,formRuntime,forms.UI_MainPage.rootCanvas.targetDisplay,root Canvas/CanvasGroup effective render state,render order,requires_runtime_snapshot,,True,True,approved_original_runtime_dump_required,UIFormBase.Open / YouYouCanvasHelper.ResetRenderDepth,"old-root vs new-root, UI_MainPage form stack/depth, home layout layer order",Required for exact form parent/depth decision.
62,formRuntime,forms.UI_MainPage.rootCanvas.worldCameraFullPath,root Canvas/CanvasGroup effective render state,render order,requires_runtime_snapshot,,True,True,approved_original_runtime_dump_required,UIFormBase.Open / YouYouCanvasHelper.ResetRenderDepth,"old-root vs new-root, UI_MainPage form stack/depth, home layout layer order",Required for exact form parent/depth decision.
63,canvasHelper,forms.UI_Dock.canvasHelpers[1].effectiveCanvasSortingOrder,YouYouCanvasHelper depth cascade,depth cascade,requires_runtime_snapshot,,True,True,approved_original_runtime_dump_required,YouYouCanvasHelper.SetDepth / ResetRenderDepth,"UI_Dock bottom nav, source root/form stack, UI144 non-promotion",Combined parent depth plus local depth.
64,canvasHelper,forms.UI_Dock.canvasHelpers[1].hierarchyPath,YouYouCanvasHelper depth cascade,depth cascade,requires_runtime_snapshot,,True,True,approved_original_runtime_dump_required,YouYouCanvasHelper.SetDepth / ResetRenderDepth,"UI_Dock bottom nav, source root/form stack, UI144 non-promotion",Enumerate all helpers at runtime; template keeps placeholders only.
65,canvasHelper,forms.UI_Dock.canvasHelpers[1].m_Depth,YouYouCanvasHelper depth cascade,depth cascade,requires_runtime_snapshot,,True,True,approved_original_runtime_dump_required,YouYouCanvasHelper.SetDepth / ResetRenderDepth,"UI_Dock bottom nav, source root/form stack, UI144 non-promotion",Local helper depth after OnDepthChanged.
66,canvasHelper,forms.UI_Dock.canvasHelpers[2].effectiveCanvasSortingOrder,YouYouCanvasHelper depth cascade,depth cascade,requires_runtime_snapshot,,True,True,approved_original_runtime_dump_required,YouYouCanvasHelper.SetDepth / ResetRenderDepth,"UI_Dock bottom nav, source root/form stack, UI144 non-promotion",Combined parent depth plus local depth.
67,canvasHelper,forms.UI_Dock.canvasHelpers[2].hierarchyPath,YouYouCanvasHelper depth cascade,depth cascade,requires_runtime_snapshot,,True,True,approved_original_runtime_dump_required,YouYouCanvasHelper.SetDepth / ResetRenderDepth,"UI_Dock bottom nav, source root/form stack, UI144 non-promotion",Enumerate all helpers at runtime; template keeps placeholders only.
68,canvasHelper,forms.UI_Dock.canvasHelpers[2].m_Depth,YouYouCanvasHelper depth cascade,depth cascade,requires_runtime_snapshot,,True,True,approved_original_runtime_dump_required,YouYouCanvasHelper.SetDepth / ResetRenderDepth,"UI_Dock bottom nav, source root/form stack, UI144 non-promotion",Local helper depth after OnDepthChanged.
69,canvasHelper,forms.UI_Dock.canvasHelpers[3].effectiveCanvasSortingOrder,YouYouCanvasHelper depth cascade,depth cascade,requires_runtime_snapshot,,True,True,approved_original_runtime_dump_required,YouYouCanvasHelper.SetDepth / ResetRenderDepth,"UI_Dock bottom nav, source root/form stack, UI144 non-promotion",Combined parent depth plus local depth.
70,canvasHelper,forms.UI_Dock.canvasHelpers[3].hierarchyPath,YouYouCanvasHelper depth cascade,depth cascade,requires_runtime_snapshot,,True,True,approved_original_runtime_dump_required,YouYouCanvasHelper.SetDepth / ResetRenderDepth,"UI_Dock bottom nav, source root/form stack, UI144 non-promotion",Enumerate all helpers at runtime; template keeps placeholders only.
71,canvasHelper,forms.UI_Dock.canvasHelpers[3].m_Depth,YouYouCanvasHelper depth cascade,depth cascade,requires_runtime_snapshot,,True,True,approved_original_runtime_dump_required,YouYouCanvasHelper.SetDepth / ResetRenderDepth,"UI_Dock bottom nav, source root/form stack, UI144 non-promotion",Local helper depth after OnDepthChanged.
72,canvasHelper,forms.UI_Dock.canvasHelpers[4].effectiveCanvasSortingOrder,YouYouCanvasHelper depth cascade,depth cascade,requires_runtime_snapshot,,True,True,approved_original_runtime_dump_required,YouYouCanvasHelper.SetDepth / ResetRenderDepth,"UI_Dock bottom nav, source root/form stack, UI144 non-promotion",Combined parent depth plus local depth.
73,canvasHelper,forms.UI_Dock.canvasHelpers[4].hierarchyPath,YouYouCanvasHelper depth cascade,depth cascade,requires_runtime_snapshot,,True,True,approved_original_runtime_dump_required,YouYouCanvasHelper.SetDepth / ResetRenderDepth,"UI_Dock bottom nav, source root/form stack, UI144 non-promotion",Enumerate all helpers at runtime; template keeps placeholders only.
74,canvasHelper,forms.UI_Dock.canvasHelpers[4].m_Depth,YouYouCanvasHelper depth cascade,depth cascade,requires_runtime_snapshot,,True,True,approved_original_runtime_dump_required,YouYouCanvasHelper.SetDepth / ResetRenderDepth,"UI_Dock bottom nav, source root/form stack, UI144 non-promotion",Local helper depth after OnDepthChanged.
75,canvasHelper,forms.UI_MainPage.canvasHelpers[1].effectiveCanvasSortingOrder,YouYouCanvasHelper depth cascade,depth cascade,requires_runtime_snapshot,,True,True,approved_original_runtime_dump_required,YouYouCanvasHelper.SetDepth / ResetRenderDepth,"UI_Dock bottom nav, source root/form stack, UI144 non-promotion",Combined parent depth plus local depth.
76,canvasHelper,forms.UI_MainPage.canvasHelpers[1].hierarchyPath,YouYouCanvasHelper depth cascade,depth cascade,requires_runtime_snapshot,,True,True,approved_original_runtime_dump_required,YouYouCanvasHelper.SetDepth / ResetRenderDepth,"UI_Dock bottom nav, source root/form stack, UI144 non-promotion",Enumerate all helpers at runtime; template keeps placeholders only.
77,canvasHelper,forms.UI_MainPage.canvasHelpers[1].m_Depth,YouYouCanvasHelper depth cascade,depth cascade,requires_runtime_snapshot,,True,True,approved_original_runtime_dump_required,YouYouCanvasHelper.SetDepth / ResetRenderDepth,"UI_Dock bottom nav, source root/form stack, UI144 non-promotion",Local helper depth after OnDepthChanged.
78,canvasHelper,forms.UI_MainPage.canvasHelpers[2].effectiveCanvasSortingOrder,YouYouCanvasHelper depth cascade,depth cascade,requires_runtime_snapshot,,True,True,approved_original_runtime_dump_required,YouYouCanvasHelper.SetDepth / ResetRenderDepth,"UI_Dock bottom nav, source root/form stack, UI144 non-promotion",Combined parent depth plus local depth.
79,canvasHelper,forms.UI_MainPage.canvasHelpers[2].hierarchyPath,YouYouCanvasHelper depth cascade,depth cascade,requires_runtime_snapshot,,True,True,approved_original_runtime_dump_required,YouYouCanvasHelper.SetDepth / ResetRenderDepth,"UI_Dock bottom nav, source root/form stack, UI144 non-promotion",Enumerate all helpers at runtime; template keeps placeholders only.
80,canvasHelper,forms.UI_MainPage.canvasHelpers[2].m_Depth,YouYouCanvasHelper depth cascade,depth cascade,requires_runtime_snapshot,,True,True,approved_original_runtime_dump_required,YouYouCanvasHelper.SetDepth / ResetRenderDepth,"UI_Dock bottom nav, source root/form stack, UI144 non-promotion",Local helper depth after OnDepthChanged.
81,canvasHelper,forms.UI_MainPage.canvasHelpers[3].effectiveCanvasSortingOrder,YouYouCanvasHelper depth cascade,depth cascade,requires_runtime_snapshot,,True,True,approved_original_runtime_dump_required,YouYouCanvasHelper.SetDepth / ResetRenderDepth,"UI_Dock bottom nav, source root/form stack, UI144 non-promotion",Combined parent depth plus local depth.
82,canvasHelper,forms.UI_MainPage.canvasHelpers[3].hierarchyPath,YouYouCanvasHelper depth cascade,depth cascade,requires_runtime_snapshot,,True,True,approved_original_runtime_dump_required,YouYouCanvasHelper.SetDepth / ResetRenderDepth,"UI_Dock bottom nav, source root/form stack, UI144 non-promotion",Enumerate all helpers at runtime; template keeps placeholders only.
83,canvasHelper,forms.UI_MainPage.canvasHelpers[3].m_Depth,YouYouCanvasHelper depth cascade,depth cascade,requires_runtime_snapshot,,True,True,approved_original_runtime_dump_required,YouYouCanvasHelper.SetDepth / ResetRenderDepth,"UI_Dock bottom nav, source root/form stack, UI144 non-promotion",Local helper depth after OnDepthChanged.
84,canvasHelper,forms.UI_MainPage.canvasHelpers[4].effectiveCanvasSortingOrder,YouYouCanvasHelper depth cascade,depth cascade,requires_runtime_snapshot,,True,True,approved_original_runtime_dump_required,YouYouCanvasHelper.SetDepth / ResetRenderDepth,"UI_Dock bottom nav, source root/form stack, UI144 non-promotion",Combined parent depth plus local depth.
85,canvasHelper,forms.UI_MainPage.canvasHelpers[4].hierarchyPath,YouYouCanvasHelper depth cascade,depth cascade,requires_runtime_snapshot,,True,True,approved_original_runtime_dump_required,YouYouCanvasHelper.SetDepth / ResetRenderDepth,"UI_Dock bottom nav, source root/form stack, UI144 non-promotion",Enumerate all helpers at runtime; template keeps placeholders only.
86,canvasHelper,forms.UI_MainPage.canvasHelpers[4].m_Depth,YouYouCanvasHelper depth cascade,depth cascade,requires_runtime_snapshot,,True,True,approved_original_runtime_dump_required,YouYouCanvasHelper.SetDepth / ResetRenderDepth,"UI_Dock bottom nav, source root/form stack, UI144 non-promotion",Local helper depth after OnDepthChanged.
87,guardedNodeState,guardedNodes.right/node_middle.activeInHierarchy,route/world guarded active/sibling state,guardrail active-state decision,requires_runtime_snapshot,,True,True,approved_original_runtime_dump_required,runtime hierarchy dump after UI_Dock.initTab and UI_MainPage.OnOpen,route/world cluster active/sibling mismatch,Forbidden to guess.
88,guardedNodeState,guardedNodes.right/node_middle.activeSelf,route/world guarded active/sibling state,guardrail active-state decision,requires_runtime_snapshot,,True,True,approved_original_runtime_dump_required,runtime hierarchy dump after UI_Dock.initTab and UI_MainPage.OnOpen,route/world cluster active/sibling mismatch,Forbidden to guess.
89,guardedNodeState,guardedNodes.right/node_middle.fullPath,route/world guarded active/sibling state,guardrail active-state decision,requires_runtime_snapshot,,True,True,approved_original_runtime_dump_required,runtime hierarchy dump after UI_Dock.initTab and UI_MainPage.OnOpen,route/world cluster active/sibling mismatch,Needed before hiding/reparenting any guarded node.
90,guardedNodeState,guardedNodes.right/node_middle.siblingIndex,route/world guarded active/sibling state,order decision,requires_runtime_snapshot,,True,True,approved_original_runtime_dump_required,runtime hierarchy dump after UI_Dock.initTab and UI_MainPage.OnOpen,route/world cluster active/sibling mismatch,Forbidden to guess.
91,guardedNodeState,guardedNodes.right/node_middle/wanfaWorldNode.activeInHierarchy,route/world guarded active/sibling state,guardrail active-state decision,requires_runtime_snapshot,,True,True,approved_original_runtime_dump_required,runtime hierarchy dump after UI_Dock.initTab and UI_MainPage.OnOpen,route/world cluster active/sibling mismatch,Forbidden to guess.
92,guardedNodeState,guardedNodes.right/node_middle/wanfaWorldNode.activeSelf,route/world guarded active/sibling state,guardrail active-state decision,requires_runtime_snapshot,,True,True,approved_original_runtime_dump_required,runtime hierarchy dump after UI_Dock.initTab and UI_MainPage.OnOpen,route/world cluster active/sibling mismatch,Forbidden to guess.
93,guardedNodeState,guardedNodes.right/node_middle/wanfaWorldNode.fullPath,route/world guarded active/sibling state,guardrail active-state decision,requires_runtime_snapshot,,True,True,approved_original_runtime_dump_required,runtime hierarchy dump after UI_Dock.initTab and UI_MainPage.OnOpen,route/world cluster active/sibling mismatch,Needed before hiding/reparenting any guarded node.
94,guardedNodeState,guardedNodes.right/node_middle/wanfaWorldNode.siblingIndex,route/world guarded active/sibling state,order decision,requires_runtime_snapshot,,True,True,approved_original_runtime_dump_required,runtime hierarchy dump after UI_Dock.initTab and UI_MainPage.OnOpen,route/world cluster active/sibling mismatch,Forbidden to guess.
95,guardedNodeState,guardedNodes.right/node_middle/wanfaWorldNode/worldwanfaBtn.activeInHierarchy,route/world guarded active/sibling state,guardrail active-state decision,requires_runtime_snapshot,,True,True,approved_original_runtime_dump_required,runtime hierarchy dump after UI_Dock.initTab and UI_MainPage.OnOpen,route/world cluster active/sibling mismatch,Forbidden to guess.
96,guardedNodeState,guardedNodes.right/node_middle/wanfaWorldNode/worldwanfaBtn.activeSelf,route/world guarded active/sibling state,guardrail active-state decision,requires_runtime_snapshot,,True,True,approved_original_runtime_dump_required,runtime hierarchy dump after UI_Dock.initTab and UI_MainPage.OnOpen,route/world cluster active/sibling mismatch,Forbidden to guess.
97,guardedNodeState,guardedNodes.right/node_middle/wanfaWorldNode/worldwanfaBtn.fullPath,route/world guarded active/sibling state,guardrail active-state decision,requires_runtime_snapshot,,True,True,approved_original_runtime_dump_required,runtime hierarchy dump after UI_Dock.initTab and UI_MainPage.OnOpen,route/world cluster active/sibling mismatch,Needed before hiding/reparenting any guarded node.
98,guardedNodeState,guardedNodes.right/node_middle/wanfaWorldNode/worldwanfaBtn.siblingIndex,route/world guarded active/sibling state,order decision,requires_runtime_snapshot,,True,True,approved_original_runtime_dump_required,runtime hierarchy dump after UI_Dock.initTab and UI_MainPage.OnOpen,route/world cluster active/sibling mismatch,Forbidden to guess.
99,guardedNodeState,guardedNodes.zhuye_bian.activeInHierarchy,zhuye guarded active/sibling state,guardrail active-state decision,requires_runtime_snapshot,,True,True,approved_original_runtime_dump_required,runtime hierarchy dump after UI_Dock.initTab and UI_MainPage.OnOpen,zhuye layer active/sibling guardrail verification,Forbidden to guess.
100,guardedNodeState,guardedNodes.zhuye_bian.activeSelf,zhuye guarded active/sibling state,guardrail active-state decision,requires_runtime_snapshot,,True,True,approved_original_runtime_dump_required,runtime hierarchy dump after UI_Dock.initTab and UI_MainPage.OnOpen,zhuye layer active/sibling guardrail verification,Forbidden to guess.
101,guardedNodeState,guardedNodes.zhuye_bian.fullPath,zhuye guarded active/sibling state,guardrail active-state decision,requires_runtime_snapshot,,True,True,approved_original_runtime_dump_required,runtime hierarchy dump after UI_Dock.initTab and UI_MainPage.OnOpen,zhuye layer active/sibling guardrail verification,Needed before hiding/reparenting any guarded node.
102,guardedNodeState,guardedNodes.zhuye_bian.siblingIndex,zhuye guarded active/sibling state,order decision,requires_runtime_snapshot,,True,True,approved_original_runtime_dump_required,runtime hierarchy dump after UI_Dock.initTab and UI_MainPage.OnOpen,zhuye layer active/sibling guardrail verification,Forbidden to guess.
103,guardedNodeState,guardedNodes.zhuye_di1.activeInHierarchy,zhuye guarded active/sibling state,guardrail active-state decision,requires_runtime_snapshot,,True,True,approved_original_runtime_dump_required,runtime hierarchy dump after UI_Dock.initTab and UI_MainPage.OnOpen,zhuye layer active/sibling guardrail verification,Forbidden to guess.
104,guardedNodeState,guardedNodes.zhuye_di1.activeSelf,zhuye guarded active/sibling state,guardrail active-state decision,requires_runtime_snapshot,,True,True,approved_original_runtime_dump_required,runtime hierarchy dump after UI_Dock.initTab and UI_MainPage.OnOpen,zhuye layer active/sibling guardrail verification,Forbidden to guess.
105,guardedNodeState,guardedNodes.zhuye_di1.fullPath,zhuye guarded active/sibling state,guardrail active-state decision,requires_runtime_snapshot,,True,True,approved_original_runtime_dump_required,runtime hierarchy dump after UI_Dock.initTab and UI_MainPage.OnOpen,zhuye layer active/sibling guardrail verification,Needed before hiding/reparenting any guarded node.
106,guardedNodeState,guardedNodes.zhuye_di1.siblingIndex,zhuye guarded active/sibling state,order decision,requires_runtime_snapshot,,True,True,approved_original_runtime_dump_required,runtime hierarchy dump after UI_Dock.initTab and UI_MainPage.OnOpen,zhuye layer active/sibling guardrail verification,Forbidden to guess.
107,guardedNodeState,guardedNodes.right/node_act_btn.activeInHierarchy,activity slot guarded active/sibling state,guardrail active-state decision,requires_runtime_snapshot,,True,True,approved_original_runtime_dump_required,runtime hierarchy dump after UI_Dock.initTab and UI_MainPage.OnOpen,activity stack / face activity icon/text/redpoint mismatch,Forbidden to guess.
108,guardedNodeState,guardedNodes.right/node_act_btn.activeSelf,activity slot guarded active/sibling state,guardrail active-state decision,requires_runtime_snapshot,,True,True,approved_original_runtime_dump_required,runtime hierarchy dump after UI_Dock.initTab and UI_MainPage.OnOpen,activity stack / face activity icon/text/redpoint mismatch,Forbidden to guess.
109,guardedNodeState,guardedNodes.right/node_act_btn.fullPath,activity slot guarded active/sibling state,guardrail active-state decision,requires_runtime_snapshot,,True,True,approved_original_runtime_dump_required,runtime hierarchy dump after UI_Dock.initTab and UI_MainPage.OnOpen,activity stack / face activity icon/text/redpoint mismatch,Needed before hiding/reparenting any guarded node.
110,guardedNodeState,guardedNodes.right/node_act_btn.siblingIndex,activity slot guarded active/sibling state,order decision,requires_runtime_snapshot,,True,True,approved_original_runtime_dump_required,runtime hierarchy dump after UI_Dock.initTab and UI_MainPage.OnOpen,activity stack / face activity icon/text/redpoint mismatch,Forbidden to guess.
111,guardedNodeState,guardedNodes.right/node_act_btn/btn_act_1.activeInHierarchy,activity slot guarded active/sibling state,guardrail active-state decision,requires_runtime_snapshot,,True,True,approved_original_runtime_dump_required,runtime hierarchy dump after UI_Dock.initTab and UI_MainPage.OnOpen,activity stack / face activity icon/text/redpoint mismatch,Forbidden to guess.
112,guardedNodeState,guardedNodes.right/node_act_btn/btn_act_1.activeSelf,activity slot guarded active/sibling state,guardrail active-state decision,requires_runtime_snapshot,,True,True,approved_original_runtime_dump_required,runtime hierarchy dump after UI_Dock.initTab and UI_MainPage.OnOpen,activity stack / face activity icon/text/redpoint mismatch,Forbidden to guess.
113,guardedNodeState,guardedNodes.right/node_act_btn/btn_act_1.fullPath,activity slot guarded active/sibling state,guardrail active-state decision,requires_runtime_snapshot,,True,True,approved_original_runtime_dump_required,runtime hierarchy dump after UI_Dock.initTab and UI_MainPage.OnOpen,activity stack / face activity icon/text/redpoint mismatch,Needed before hiding/reparenting any guarded node.
114,guardedNodeState,guardedNodes.right/node_act_btn/btn_act_1.siblingIndex,activity slot guarded active/sibling state,order decision,requires_runtime_snapshot,,True,True,approved_original_runtime_dump_required,runtime hierarchy dump after UI_Dock.initTab and UI_MainPage.OnOpen,activity stack / face activity icon/text/redpoint mismatch,Forbidden to guess.
115,guardedNodeState,guardedNodes.right/node_act_btn/btn_act_2.activeInHierarchy,activity slot guarded active/sibling state,guardrail active-state decision,requires_runtime_snapshot,,True,True,approved_original_runtime_dump_required,runtime hierarchy dump after UI_Dock.initTab and UI_MainPage.OnOpen,activity stack / face activity icon/text/redpoint mismatch,Forbidden to guess.
116,guardedNodeState,guardedNodes.right/node_act_btn/btn_act_2.activeSelf,activity slot guarded active/sibling state,guardrail active-state decision,requires_runtime_snapshot,,True,True,approved_original_runtime_dump_required,runtime hierarchy dump after UI_Dock.initTab and UI_MainPage.OnOpen,activity stack / face activity icon/text/redpoint mismatch,Forbidden to guess.
117,guardedNodeState,guardedNodes.right/node_act_btn/btn_act_2.fullPath,activity slot guarded active/sibling state,guardrail active-state decision,requires_runtime_snapshot,,True,True,approved_original_runtime_dump_required,runtime hierarchy dump after UI_Dock.initTab and UI_MainPage.OnOpen,activity stack / face activity icon/text/redpoint mismatch,Needed before hiding/reparenting any guarded node.
118,guardedNodeState,guardedNodes.right/node_act_btn/btn_act_2.siblingIndex,activity slot guarded active/sibling state,order decision,requires_runtime_snapshot,,True,True,approved_original_runtime_dump_required,runtime hierarchy dump after UI_Dock.initTab and UI_MainPage.OnOpen,activity stack / face activity icon/text/redpoint mismatch,Forbidden to guess.
119,guardedNodeState,guardedNodes.right/node_act_btn/btn_act_3.activeInHierarchy,activity slot guarded active/sibling state,guardrail active-state decision,requires_runtime_snapshot,,True,True,approved_original_runtime_dump_required,runtime hierarchy dump after UI_Dock.initTab and UI_MainPage.OnOpen,activity stack / face activity icon/text/redpoint mismatch,Forbidden to guess.
120,guardedNodeState,guardedNodes.right/node_act_btn/btn_act_3.activeSelf,activity slot guarded active/sibling state,guardrail active-state decision,requires_runtime_snapshot,,True,True,approved_original_runtime_dump_required,runtime hierarchy dump after UI_Dock.initTab and UI_MainPage.OnOpen,activity stack / face activity icon/text/redpoint mismatch,Forbidden to guess.
121,guardedNodeState,guardedNodes.right/node_act_btn/btn_act_3.fullPath,activity slot guarded active/sibling state,guardrail active-state decision,requires_runtime_snapshot,,True,True,approved_original_runtime_dump_required,runtime hierarchy dump after UI_Dock.initTab and UI_MainPage.OnOpen,activity stack / face activity icon/text/redpoint mismatch,Needed before hiding/reparenting any guarded node.
122,guardedNodeState,guardedNodes.right/node_act_btn/btn_act_3.siblingIndex,activity slot guarded active/sibling state,order decision,requires_runtime_snapshot,,True,True,approved_original_runtime_dump_required,runtime hierarchy dump after UI_Dock.initTab and UI_MainPage.OnOpen,activity stack / face activity icon/text/redpoint mismatch,Forbidden to guess.
123,guardedNodeState,guardedNodes.right/node_act_btn/btn_act_4.activeInHierarchy,activity slot guarded active/sibling state,guardrail active-state decision,requires_runtime_snapshot,,True,True,approved_original_runtime_dump_required,runtime hierarchy dump after UI_Dock.initTab and UI_MainPage.OnOpen,activity stack / face activity icon/text/redpoint mismatch,Forbidden to guess.
124,guardedNodeState,guardedNodes.right/node_act_btn/btn_act_4.activeSelf,activity slot guarded active/sibling state,guardrail active-state decision,requires_runtime_snapshot,,True,True,approved_original_runtime_dump_required,runtime hierarchy dump after UI_Dock.initTab and UI_MainPage.OnOpen,activity stack / face activity icon/text/redpoint mismatch,Forbidden to guess.
125,guardedNodeState,guardedNodes.right/node_act_btn/btn_act_4.fullPath,activity slot guarded active/sibling state,guardrail active-state decision,requires_runtime_snapshot,,True,True,approved_original_runtime_dump_required,runtime hierarchy dump after UI_Dock.initTab and UI_MainPage.OnOpen,activity stack / face activity icon/text/redpoint mismatch,Needed before hiding/reparenting any guarded node.
126,guardedNodeState,guardedNodes.right/node_act_btn/btn_act_4.siblingIndex,activity slot guarded active/sibling state,order decision,requires_runtime_snapshot,,True,True,approved_original_runtime_dump_required,runtime hierarchy dump after UI_Dock.initTab and UI_MainPage.OnOpen,activity stack / face activity icon/text/redpoint mismatch,Forbidden to guess.
127,guardedNodeState,guardedNodes.right/node_act_btn/btn_act_5.activeInHierarchy,activity slot guarded active/sibling state,guardrail active-state decision,requires_runtime_snapshot,,True,True,approved_original_runtime_dump_required,runtime hierarchy dump after UI_Dock.initTab and UI_MainPage.OnOpen,activity stack / face activity icon/text/redpoint mismatch,Forbidden to guess.
128,guardedNodeState,guardedNodes.right/node_act_btn/btn_act_5.activeSelf,activity slot guarded active/sibling state,guardrail active-state decision,requires_runtime_snapshot,,True,True,approved_original_runtime_dump_required,runtime hierarchy dump after UI_Dock.initTab and UI_MainPage.OnOpen,activity stack / face activity icon/text/redpoint mismatch,Forbidden to guess.
129,guardedNodeState,guardedNodes.right/node_act_btn/btn_act_5.fullPath,activity slot guarded active/sibling state,guardrail active-state decision,requires_runtime_snapshot,,True,True,approved_original_runtime_dump_required,runtime hierarchy dump after UI_Dock.initTab and UI_MainPage.OnOpen,activity stack / face activity icon/text/redpoint mismatch,Needed before hiding/reparenting any guarded node.
130,guardedNodeState,guardedNodes.right/node_act_btn/btn_act_5.siblingIndex,activity slot guarded active/sibling state,order decision,requires_runtime_snapshot,,True,True,approved_original_runtime_dump_required,runtime hierarchy dump after UI_Dock.initTab and UI_MainPage.OnOpen,activity stack / face activity icon/text/redpoint mismatch,Forbidden to guess.
131,guardedNodeState,guardedNodes.right/node_act_btn/btn_act_6.activeInHierarchy,activity slot guarded active/sibling state,guardrail active-state decision,requires_runtime_snapshot,,True,True,approved_original_runtime_dump_required,runtime hierarchy dump after UI_Dock.initTab and UI_MainPage.OnOpen,activity stack / face activity icon/text/redpoint mismatch,Forbidden to guess.
132,guardedNodeState,guardedNodes.right/node_act_btn/btn_act_6.activeSelf,activity slot guarded active/sibling state,guardrail active-state decision,requires_runtime_snapshot,,True,True,approved_original_runtime_dump_required,runtime hierarchy dump after UI_Dock.initTab and UI_MainPage.OnOpen,activity stack / face activity icon/text/redpoint mismatch,Forbidden to guess.
133,guardedNodeState,guardedNodes.right/node_act_btn/btn_act_6.fullPath,activity slot guarded active/sibling state,guardrail active-state decision,requires_runtime_snapshot,,True,True,approved_original_runtime_dump_required,runtime hierarchy dump after UI_Dock.initTab and UI_MainPage.OnOpen,activity stack / face activity icon/text/redpoint mismatch,Needed before hiding/reparenting any guarded node.
134,guardedNodeState,guardedNodes.right/node_act_btn/btn_act_6.siblingIndex,activity slot guarded active/sibling state,order decision,requires_runtime_snapshot,,True,True,approved_original_runtime_dump_required,runtime hierarchy dump after UI_Dock.initTab and UI_MainPage.OnOpen,activity stack / face activity icon/text/redpoint mismatch,Forbidden to guess.
135,guardedNodeState,guardedNodes.right/node_act_btn/btn_act_7.activeInHierarchy,activity slot guarded active/sibling state,guardrail active-state decision,requires_runtime_snapshot,,True,True,approved_original_runtime_dump_required,runtime hierarchy dump after UI_Dock.initTab and UI_MainPage.OnOpen,activity stack / face activity icon/text/redpoint mismatch,Forbidden to guess.
136,guardedNodeState,guardedNodes.right/node_act_btn/btn_act_7.activeSelf,activity slot guarded active/sibling state,guardrail active-state decision,requires_runtime_snapshot,,True,True,approved_original_runtime_dump_required,runtime hierarchy dump after UI_Dock.initTab and UI_MainPage.OnOpen,activity stack / face activity icon/text/redpoint mismatch,Forbidden to guess.
137,guardedNodeState,guardedNodes.right/node_act_btn/btn_act_7.fullPath,activity slot guarded active/sibling state,guardrail active-state decision,requires_runtime_snapshot,,True,True,approved_original_runtime_dump_required,runtime hierarchy dump after UI_Dock.initTab and UI_MainPage.OnOpen,activity stack / face activity icon/text/redpoint mismatch,Needed before hiding/reparenting any guarded node.
138,guardedNodeState,guardedNodes.right/node_act_btn/btn_act_7.siblingIndex,activity slot guarded active/sibling state,order decision,requires_runtime_snapshot,,True,True,approved_original_runtime_dump_required,runtime hierarchy dump after UI_Dock.initTab and UI_MainPage.OnOpen,activity stack / face activity icon/text/redpoint mismatch,Forbidden to guess.
139,guardedNodeState,guardedNodes.right/node_act_btn/btn_act_8.activeInHierarchy,activity slot guarded active/sibling state,guardrail active-state decision,requires_runtime_snapshot,,True,True,approved_original_runtime_dump_required,runtime hierarchy dump after UI_Dock.initTab and UI_MainPage.OnOpen,activity stack / face activity icon/text/redpoint mismatch,Forbidden to guess.
140,guardedNodeState,guardedNodes.right/node_act_btn/btn_act_8.activeSelf,activity slot guarded active/sibling state,guardrail active-state decision,requires_runtime_snapshot,,True,True,approved_original_runtime_dump_required,runtime hierarchy dump after UI_Dock.initTab and UI_MainPage.OnOpen,activity stack / face activity icon/text/redpoint mismatch,Forbidden to guess.
141,guardedNodeState,guardedNodes.right/node_act_btn/btn_act_8.fullPath,activity slot guarded active/sibling state,guardrail active-state decision,requires_runtime_snapshot,,True,True,approved_original_runtime_dump_required,runtime hierarchy dump after UI_Dock.initTab and UI_MainPage.OnOpen,activity stack / face activity icon/text/redpoint mismatch,Needed before hiding/reparenting any guarded node.
142,guardedNodeState,guardedNodes.right/node_act_btn/btn_act_8.siblingIndex,activity slot guarded active/sibling state,order decision,requires_runtime_snapshot,,True,True,approved_original_runtime_dump_required,runtime hierarchy dump after UI_Dock.initTab and UI_MainPage.OnOpen,activity stack / face activity icon/text/redpoint mismatch,Forbidden to guess.
143,guardedNodeState,guardedNodes.UI_bg.activeInHierarchy,other guarded node state,guardrail active-state decision,requires_runtime_snapshot,,True,True,approved_original_runtime_dump_required,runtime hierarchy dump after UI_Dock.initTab and UI_MainPage.OnOpen,UI_bg click/raycast guardrail verification,Forbidden to guess.
144,guardedNodeState,guardedNodes.UI_bg.activeSelf,other guarded node state,guardrail active-state decision,requires_runtime_snapshot,,True,True,approved_original_runtime_dump_required,runtime hierarchy dump after UI_Dock.initTab and UI_MainPage.OnOpen,UI_bg click/raycast guardrail verification,Forbidden to guess.
145,guardedNodeState,guardedNodes.UI_bg.fullPath,other guarded node state,guardrail active-state decision,requires_runtime_snapshot,,True,True,approved_original_runtime_dump_required,runtime hierarchy dump after UI_Dock.initTab and UI_MainPage.OnOpen,UI_bg click/raycast guardrail verification,Needed before hiding/reparenting any guarded node.
146,guardedNodeState,guardedNodes.UI_bg.siblingIndex,other guarded node state,order decision,requires_runtime_snapshot,,True,True,approved_original_runtime_dump_required,runtime hierarchy dump after UI_Dock.initTab and UI_MainPage.OnOpen,UI_bg click/raycast guardrail verification,Forbidden to guess.
147,guardedNodeState,guardedNodes.btn_discord.activeInHierarchy,other guarded node state,guardrail active-state decision,requires_runtime_snapshot,,True,True,approved_original_runtime_dump_required,runtime hierarchy dump after UI_Dock.initTab and UI_MainPage.OnOpen,general MainInterface runtime mismatch,Forbidden to guess.
148,guardedNodeState,guardedNodes.btn_discord.activeSelf,other guarded node state,guardrail active-state decision,requires_runtime_snapshot,,True,True,approved_original_runtime_dump_required,runtime hierarchy dump after UI_Dock.initTab and UI_MainPage.OnOpen,general MainInterface runtime mismatch,Forbidden to guess.
149,guardedNodeState,guardedNodes.btn_discord.fullPath,other guarded node state,guardrail active-state decision,requires_runtime_snapshot,,True,True,approved_original_runtime_dump_required,runtime hierarchy dump after UI_Dock.initTab and UI_MainPage.OnOpen,general MainInterface runtime mismatch,Needed before hiding/reparenting any guarded node.
150,guardedNodeState,guardedNodes.btn_discord.siblingIndex,other guarded node state,order decision,requires_runtime_snapshot,,True,True,approved_original_runtime_dump_required,runtime hierarchy dump after UI_Dock.initTab and UI_MainPage.OnOpen,general MainInterface runtime mismatch,Forbidden to guess.
151,guardedNodeState,guardedNodes.llvChat.activeInHierarchy,chat/account/currency guarded node state,guardrail active-state decision,requires_runtime_snapshot,,True,True,approved_original_runtime_dump_required,runtime hierarchy dump after UI_Dock.initTab and UI_MainPage.OnOpen,chat bubble/text runtime mismatch,Forbidden to guess.
152,guardedNodeState,guardedNodes.llvChat.activeSelf,chat/account/currency guarded node state,guardrail active-state decision,requires_runtime_snapshot,,True,True,approved_original_runtime_dump_required,runtime hierarchy dump after UI_Dock.initTab and UI_MainPage.OnOpen,chat bubble/text runtime mismatch,Forbidden to guess.
153,guardedNodeState,guardedNodes.llvChat.fullPath,chat/account/currency guarded node state,guardrail active-state decision,requires_runtime_snapshot,,True,True,approved_original_runtime_dump_required,runtime hierarchy dump after UI_Dock.initTab and UI_MainPage.OnOpen,chat bubble/text runtime mismatch,Needed before hiding/reparenting any guarded node.
154,guardedNodeState,guardedNodes.llvChat.siblingIndex,chat/account/currency guarded node state,order decision,requires_runtime_snapshot,,True,True,approved_original_runtime_dump_required,runtime hierarchy dump after UI_Dock.initTab and UI_MainPage.OnOpen,chat bubble/text runtime mismatch,Forbidden to guess.
155,guardedNodeState,guardedNodes.top/currency_gold.activeInHierarchy,chat/account/currency guarded node state,guardrail active-state decision,requires_runtime_snapshot,,True,True,approved_original_runtime_dump_required,runtime hierarchy dump after UI_Dock.initTab and UI_MainPage.OnOpen,top profile/currency/account value mismatch,Forbidden to guess.
156,guardedNodeState,guardedNodes.top/currency_gold.activeSelf,chat/account/currency guarded node state,guardrail active-state decision,requires_runtime_snapshot,,True,True,approved_original_runtime_dump_required,runtime hierarchy dump after UI_Dock.initTab and UI_MainPage.OnOpen,top profile/currency/account value mismatch,Forbidden to guess.
157,guardedNodeState,guardedNodes.top/currency_gold.fullPath,chat/account/currency guarded node state,guardrail active-state decision,requires_runtime_snapshot,,True,True,approved_original_runtime_dump_required,runtime hierarchy dump after UI_Dock.initTab and UI_MainPage.OnOpen,top profile/currency/account value mismatch,Needed before hiding/reparenting any guarded node.
158,guardedNodeState,guardedNodes.top/currency_gold.siblingIndex,chat/account/currency guarded node state,order decision,requires_runtime_snapshot,,True,True,approved_original_runtime_dump_required,runtime hierarchy dump after UI_Dock.initTab and UI_MainPage.OnOpen,top profile/currency/account value mismatch,Forbidden to guess.
159,guardedNodeState,guardedNodes.top/currency_holy.activeInHierarchy,chat/account/currency guarded node state,guardrail active-state decision,requires_runtime_snapshot,,True,True,approved_original_runtime_dump_required,runtime hierarchy dump after UI_Dock.initTab and UI_MainPage.OnOpen,top profile/currency/account value mismatch,Forbidden to guess.
160,guardedNodeState,guardedNodes.top/currency_holy.activeSelf,chat/account/currency guarded node state,guardrail active-state decision,requires_runtime_snapshot,,True,True,approved_original_runtime_dump_required,runtime hierarchy dump after UI_Dock.initTab and UI_MainPage.OnOpen,top profile/currency/account value mismatch,Forbidden to guess.
161,guardedNodeState,guardedNodes.top/currency_holy.fullPath,chat/account/currency guarded node state,guardrail active-state decision,requires_runtime_snapshot,,True,True,approved_original_runtime_dump_required,runtime hierarchy dump after UI_Dock.initTab and UI_MainPage.OnOpen,top profile/currency/account value mismatch,Needed before hiding/reparenting any guarded node.
162,guardedNodeState,guardedNodes.top/currency_holy.siblingIndex,chat/account/currency guarded node state,order decision,requires_runtime_snapshot,,True,True,approved_original_runtime_dump_required,runtime hierarchy dump after UI_Dock.initTab and UI_MainPage.OnOpen,top profile/currency/account value mismatch,Forbidden to guess.
163,guardedNodeState,guardedNodes.top/profile.activeInHierarchy,chat/account/currency guarded node state,guardrail active-state decision,requires_runtime_snapshot,,True,True,approved_original_runtime_dump_required,runtime hierarchy dump after UI_Dock.initTab and UI_MainPage.OnOpen,top profile/currency/account value mismatch,Forbidden to guess.
164,guardedNodeState,guardedNodes.top/profile.activeSelf,chat/account/currency guarded node state,guardrail active-state decision,requires_runtime_snapshot,,True,True,approved_original_runtime_dump_required,runtime hierarchy dump after UI_Dock.initTab and UI_MainPage.OnOpen,top profile/currency/account value mismatch,Forbidden to guess.
165,guardedNodeState,guardedNodes.top/profile.fullPath,chat/account/currency guarded node state,guardrail active-state decision,requires_runtime_snapshot,,True,True,approved_original_runtime_dump_required,runtime hierarchy dump after UI_Dock.initTab and UI_MainPage.OnOpen,top profile/currency/account value mismatch,Needed before hiding/reparenting any guarded node.
166,guardedNodeState,guardedNodes.top/profile.siblingIndex,chat/account/currency guarded node state,order decision,requires_runtime_snapshot,,True,True,approved_original_runtime_dump_required,runtime hierarchy dump after UI_Dock.initTab and UI_MainPage.OnOpen,top profile/currency/account value mismatch,Forbidden to guess.
167,uiBg,uiBg.button.enabled,UI_bg raycast/interactable verification,UI_bg guardrail,requires_runtime_snapshot,,True,True,approved_original_runtime_dump_required,runtime hierarchy + GraphicRaycaster hit stack,UI_bg click/raycast guardrail verification,Must preserve or source-back any change.
168,uiBg,uiBg.button.interactable,UI_bg raycast/interactable verification,UI_bg guardrail,requires_runtime_snapshot,,True,True,approved_original_runtime_dump_required,runtime hierarchy + GraphicRaycaster hit stack,UI_bg click/raycast guardrail verification,Must preserve or source-back any change.
169,uiBg,uiBg.image.raycastTarget,UI_bg raycast/interactable verification,UI_bg guardrail,requires_runtime_snapshot,,True,True,approved_original_runtime_dump_required,runtime hierarchy + GraphicRaycaster hit stack,UI_bg click/raycast guardrail verification,Must preserve or source-back any change.
170,uiBg,uiBg.topGraphicPath,UI_bg raycast/interactable verification,UI_bg guardrail,requires_runtime_snapshot,,True,True,approved_original_runtime_dump_required,runtime hierarchy + GraphicRaycaster hit stack,UI_bg click/raycast guardrail verification,Must preserve or source-back any change.
171,dynamicRuntime,dynamicRuntime.activitys,activity/account/chat/currency dynamic values,UI130 replay/activity account chat currency,requires_runtime_snapshot,,True,True,approved_original_runtime_dump_required or approved_manual_screenshot_plus_json_snapshot,UI_MainPage.OnOpen / ActMgr / PlayerMgr / RedPointMgr / ChatMgr,activity stack / face activity icon/text/redpoint mismatch,UI130 refuses fake defaults.
172,dynamicRuntime,dynamicRuntime.chatState.lastChatType,activity/account/chat/currency dynamic values,UI130 replay/activity account chat currency,requires_runtime_snapshot,,True,True,approved_original_runtime_dump_required or approved_manual_screenshot_plus_json_snapshot,UI_MainPage.OnOpen / ActMgr / PlayerMgr / RedPointMgr / ChatMgr,chat bubble/text runtime mismatch,UI130 refuses fake defaults.
173,dynamicRuntime,dynamicRuntime.chatState.visibleMessages,activity/account/chat/currency dynamic values,UI130 replay/activity account chat currency,requires_runtime_snapshot,,True,True,approved_original_runtime_dump_required or approved_manual_screenshot_plus_json_snapshot,UI_MainPage.OnOpen / ActMgr / PlayerMgr / RedPointMgr / ChatMgr,chat bubble/text runtime mismatch,UI130 refuses fake defaults.
174,dynamicRuntime,dynamicRuntime.clientCallbackOutputs.clientCheckIsOpen,activity/account/chat/currency dynamic values,UI130 replay/activity account chat currency,requires_runtime_snapshot,,True,True,approved_original_runtime_dump_required or approved_manual_screenshot_plus_json_snapshot,UI_MainPage.OnOpen / ActMgr / PlayerMgr / RedPointMgr / ChatMgr,general MainInterface runtime mismatch,UI130 refuses fake defaults.
175,dynamicRuntime,dynamicRuntime.clientCallbackOutputs.getActNewName,activity/account/chat/currency dynamic values,UI130 replay/activity account chat currency,requires_runtime_snapshot,,True,True,approved_original_runtime_dump_required or approved_manual_screenshot_plus_json_snapshot,UI_MainPage.OnOpen / ActMgr / PlayerMgr / RedPointMgr / ChatMgr,general MainInterface runtime mismatch,UI130 refuses fake defaults.
176,dynamicRuntime,dynamicRuntime.clientCallbackOutputs.mainPageTouchJumpId,activity/account/chat/currency dynamic values,UI130 replay/activity account chat currency,requires_runtime_snapshot,,True,True,approved_original_runtime_dump_required or approved_manual_screenshot_plus_json_snapshot,UI_MainPage.OnOpen / ActMgr / PlayerMgr / RedPointMgr / ChatMgr,general MainInterface runtime mismatch,UI130 refuses fake defaults.
177,dynamicRuntime,dynamicRuntime.clientCallbackOutputs.showInMainFunc,activity/account/chat/currency dynamic values,UI130 replay/activity account chat currency,requires_runtime_snapshot,,True,True,approved_original_runtime_dump_required or approved_manual_screenshot_plus_json_snapshot,UI_MainPage.OnOpen / ActMgr / PlayerMgr / RedPointMgr / ChatMgr,general MainInterface runtime mismatch,UI130 refuses fake defaults.
178,dynamicRuntime,dynamicRuntime.currencyState.gold,activity/account/chat/currency dynamic values,UI130 replay/activity account chat currency,requires_runtime_snapshot,,True,True,approved_original_runtime_dump_required or approved_manual_screenshot_plus_json_snapshot,UI_MainPage.OnOpen / ActMgr / PlayerMgr / RedPointMgr / ChatMgr,top profile/currency/account value mismatch,UI130 refuses fake defaults.
179,dynamicRuntime,dynamicRuntime.currencyState.holyCrystal,activity/account/chat/currency dynamic values,UI130 replay/activity account chat currency,requires_runtime_snapshot,,True,True,approved_original_runtime_dump_required or approved_manual_screenshot_plus_json_snapshot,UI_MainPage.OnOpen / ActMgr / PlayerMgr / RedPointMgr / ChatMgr,top profile/currency/account value mismatch,UI130 refuses fake defaults.
180,dynamicRuntime,dynamicRuntime.faceActivitys,activity/account/chat/currency dynamic values,UI130 replay/activity account chat currency,requires_runtime_snapshot,,True,True,approved_original_runtime_dump_required or approved_manual_screenshot_plus_json_snapshot,UI_MainPage.OnOpen / ActMgr / PlayerMgr / RedPointMgr / ChatMgr,activity stack / face activity icon/text/redpoint mismatch,UI130 refuses fake defaults.
181,dynamicRuntime,dynamicRuntime.formationState.mainFightValue,activity/account/chat/currency dynamic values,UI130 replay/activity account chat currency,requires_runtime_snapshot,,True,True,approved_original_runtime_dump_required or approved_manual_screenshot_plus_json_snapshot,UI_MainPage.OnOpen / ActMgr / PlayerMgr / RedPointMgr / ChatMgr,general MainInterface runtime mismatch,UI130 refuses fake defaults.
182,dynamicRuntime,dynamicRuntime.guideState.CurrGuidEnterActId,activity/account/chat/currency dynamic values,UI130 replay/activity account chat currency,requires_runtime_snapshot,,True,True,approved_original_runtime_dump_required or approved_manual_screenshot_plus_json_snapshot,UI_MainPage.OnOpen / ActMgr / PlayerMgr / RedPointMgr / ChatMgr,general MainInterface runtime mismatch,UI130 refuses fake defaults.
183,dynamicRuntime,dynamicRuntime.guideState.ModulesInit_GuideMgr_isGuide,activity/account/chat/currency dynamic values,UI130 replay/activity account chat currency,requires_runtime_snapshot,,True,True,approved_original_runtime_dump_required or approved_manual_screenshot_plus_json_snapshot,UI_MainPage.OnOpen / ActMgr / PlayerMgr / RedPointMgr / ChatMgr,general MainInterface runtime mismatch,UI130 refuses fake defaults.
184,dynamicRuntime,dynamicRuntime.localization.keys,activity/account/chat/currency dynamic values,UI130 replay/activity account chat currency,requires_runtime_snapshot,,True,True,approved_original_runtime_dump_required or approved_manual_screenshot_plus_json_snapshot,UI_MainPage.OnOpen / ActMgr / PlayerMgr / RedPointMgr / ChatMgr,TMP/font/material/mask/stencil runtime visual mismatch,UI130 refuses fake defaults.
185,dynamicRuntime,dynamicRuntime.playerInfo.guildId,activity/account/chat/currency dynamic values,UI130 replay/activity account chat currency,requires_runtime_snapshot,,True,True,approved_original_runtime_dump_required or approved_manual_screenshot_plus_json_snapshot,UI_MainPage.OnOpen / ActMgr / PlayerMgr / RedPointMgr / ChatMgr,top profile/currency/account value mismatch,UI130 refuses fake defaults.
186,dynamicRuntime,dynamicRuntime.playerInfo.head,activity/account/chat/currency dynamic values,UI130 replay/activity account chat currency,requires_runtime_snapshot,,True,True,approved_original_runtime_dump_required or approved_manual_screenshot_plus_json_snapshot,UI_MainPage.OnOpen / ActMgr / PlayerMgr / RedPointMgr / ChatMgr,top profile/currency/account value mismatch,UI130 refuses fake defaults.
187,dynamicRuntime,dynamicRuntime.playerInfo.headFrame,activity/account/chat/currency dynamic values,UI130 replay/activity account chat currency,requires_runtime_snapshot,,True,True,approved_original_runtime_dump_required or approved_manual_screenshot_plus_json_snapshot,UI_MainPage.OnOpen / ActMgr / PlayerMgr / RedPointMgr / ChatMgr,top profile/currency/account value mismatch,UI130 refuses fake defaults.
188,dynamicRuntime,dynamicRuntime.playerInfo.level,activity/account/chat/currency dynamic values,UI130 replay/activity account chat currency,requires_runtime_snapshot,,True,True,approved_original_runtime_dump_required or approved_manual_screenshot_plus_json_snapshot,UI_MainPage.OnOpen / ActMgr / PlayerMgr / RedPointMgr / ChatMgr,top profile/currency/account value mismatch,UI130 refuses fake defaults.
189,dynamicRuntime,dynamicRuntime.playerInfo.name,activity/account/chat/currency dynamic values,UI130 replay/activity account chat currency,requires_runtime_snapshot,,True,True,approved_original_runtime_dump_required or approved_manual_screenshot_plus_json_snapshot,UI_MainPage.OnOpen / ActMgr / PlayerMgr / RedPointMgr / ChatMgr,top profile/currency/account value mismatch,UI130 refuses fake defaults.
190,dynamicRuntime,dynamicRuntime.playerInfo.playerId,activity/account/chat/currency dynamic values,UI130 replay/activity account chat currency,requires_runtime_snapshot,,True,True,approved_original_runtime_dump_required or approved_manual_screenshot_plus_json_snapshot,UI_MainPage.OnOpen / ActMgr / PlayerMgr / RedPointMgr / ChatMgr,top profile/currency/account value mismatch,UI130 refuses fake defaults.
191,dynamicRuntime,dynamicRuntime.playerInfo.vip,activity/account/chat/currency dynamic values,UI130 replay/activity account chat currency,requires_runtime_snapshot,,True,True,approved_original_runtime_dump_required or approved_manual_screenshot_plus_json_snapshot,UI_MainPage.OnOpen / ActMgr / PlayerMgr / RedPointMgr / ChatMgr,top profile/currency/account value mismatch,UI130 refuses fake defaults.
192,dynamicRuntime,dynamicRuntime.redPointState.actSpecificRedPoints,activity/account/chat/currency dynamic values,UI130 replay/activity account chat currency,requires_runtime_snapshot,,True,True,approved_original_runtime_dump_required or approved_manual_screenshot_plus_json_snapshot,UI_MainPage.OnOpen / ActMgr / PlayerMgr / RedPointMgr / ChatMgr,general MainInterface runtime mismatch,UI130 refuses fake defaults.
193,dynamicRuntime,dynamicRuntime.redPointState.serverRedPointIds,activity/account/chat/currency dynamic values,UI130 replay/activity account chat currency,requires_runtime_snapshot,,True,True,approved_original_runtime_dump_required or approved_manual_screenshot_plus_json_snapshot,UI_MainPage.OnOpen / ActMgr / PlayerMgr / RedPointMgr / ChatMgr,general MainInterface runtime mismatch,UI130 refuses fake defaults.
194,dynamicRuntime,dynamicRuntime.resources.activitySpine,activity/account/chat/currency dynamic values,UI130 replay/activity account chat currency,requires_runtime_snapshot,,True,True,approved_original_runtime_dump_required or approved_manual_screenshot_plus_json_snapshot,UI_MainPage.OnOpen / ActMgr / PlayerMgr / RedPointMgr / ChatMgr,general MainInterface runtime mismatch,UI130 refuses fake defaults.
195,dynamicRuntime,dynamicRuntime.resources.tmpFontMaterial,activity/account/chat/currency dynamic values,UI130 replay/activity account chat currency,requires_runtime_snapshot,,True,True,approved_original_runtime_dump_required or approved_manual_screenshot_plus_json_snapshot,UI_MainPage.OnOpen / ActMgr / PlayerMgr / RedPointMgr / ChatMgr,TMP/font/material/mask/stencil runtime visual mismatch,UI130 refuses fake defaults.
196,dynamicRuntime,dynamicRuntime.reviewState.GameEntry_IsCommittee,activity/account/chat/currency dynamic values,UI130 replay/activity account chat currency,requires_runtime_snapshot,,True,True,approved_original_runtime_dump_required or approved_manual_screenshot_plus_json_snapshot,UI_MainPage.OnOpen / ActMgr / PlayerMgr / RedPointMgr / ChatMgr,general MainInterface runtime mismatch,UI130 refuses fake defaults.
197,dynamicRuntime,dynamicRuntime.reviewState.GameEntry_IsReview,activity/account/chat/currency dynamic values,UI130 replay/activity account chat currency,requires_runtime_snapshot,,True,True,approved_original_runtime_dump_required or approved_manual_screenshot_plus_json_snapshot,UI_MainPage.OnOpen / ActMgr / PlayerMgr / RedPointMgr / ChatMgr,general MainInterface runtime mismatch,UI130 refuses fake defaults.
198,dynamicRuntime,dynamicRuntime.reviewState.GameTools_IsReview,activity/account/chat/currency dynamic values,UI130 replay/activity account chat currency,requires_runtime_snapshot,,True,True,approved_original_runtime_dump_required or approved_manual_screenshot_plus_json_snapshot,UI_MainPage.OnOpen / ActMgr / PlayerMgr / RedPointMgr / ChatMgr,general MainInterface runtime mismatch,UI130 refuses fake defaults.
199,dynamicRuntime,dynamicRuntime.timeState.serverMillTimeStamp,activity/account/chat/currency dynamic values,UI130 replay/activity account chat currency,requires_runtime_snapshot,,True,True,approved_original_runtime_dump_required or approved_manual_screenshot_plus_json_snapshot,UI_MainPage.OnOpen / ActMgr / PlayerMgr / RedPointMgr / ChatMgr,general MainInterface runtime mismatch,UI130 refuses fake defaults.
200,dynamicRuntime,dynamicRuntime.timeState.serverTimeStep,activity/account/chat/currency dynamic values,UI130 replay/activity account chat currency,requires_runtime_snapshot,,True,True,approved_original_runtime_dump_required or approved_manual_screenshot_plus_json_snapshot,UI_MainPage.OnOpen / ActMgr / PlayerMgr / RedPointMgr / ChatMgr,general MainInterface runtime mismatch,UI130 refuses fake defaults.
201,maskStencilRuntime,runtimeMaskStencil.canvasRendererMaterialCount,runtime TMP/material/mask/stencil renderer state,mask/stencil decision,requires_runtime_snapshot,,True,True,approved_original_runtime_dump_required,runtime renderer/material dump after OnDepthChanged,TMP/font/material/mask/stencil runtime visual mismatch,UI145 found no direct source Mask/RectMask2D under Dock; runtime still must prove active state if present.
202,maskStencilRuntime,runtimeMaskStencil.maskComponents,runtime TMP/material/mask/stencil renderer state,mask/stencil decision,requires_runtime_snapshot,,True,True,approved_original_runtime_dump_required,runtime renderer/material dump after OnDepthChanged,TMP/font/material/mask/stencil runtime visual mismatch,UI145 found no direct source Mask/RectMask2D under Dock; runtime still must prove active state if present.
203,maskStencilRuntime,runtimeMaskStencil.rectMask2DComponents,runtime TMP/material/mask/stencil renderer state,mask/stencil decision,requires_runtime_snapshot,,True,True,approved_original_runtime_dump_required,runtime renderer/material dump after OnDepthChanged,TMP/font/material/mask/stencil runtime visual mismatch,UI145 found no direct source Mask/RectMask2D under Dock; runtime still must prove active state if present.
204,maskStencilRuntime,runtimeMaskStencil.skeletonGraphicCanvasRendererDepth,runtime TMP/material/mask/stencil renderer state,mask/stencil decision,requires_runtime_snapshot,,True,True,approved_original_runtime_dump_required,runtime renderer/material dump after OnDepthChanged,TMP/font/material/mask/stencil runtime visual mismatch,UI145 found no direct source Mask/RectMask2D under Dock; runtime still must prove active state if present.
205,maskStencilRuntime,runtimeMaskStencil.stencilMaterialStates,runtime TMP/material/mask/stencil renderer state,mask/stencil decision,requires_runtime_snapshot,,True,True,approved_original_runtime_dump_required,runtime renderer/material dump after OnDepthChanged,TMP/font/material/mask/stencil runtime visual mismatch,UI145 found no direct source Mask/RectMask2D under Dock; runtime still must prove active state if present.
