class_name,namespace,method_name,signature,dump_cs_line,rva_hex,dump_rva_line,libil2cpp_path,file_offset_hex,raw_bytes_available,raw_bytes_sha256_96,raw_bytes_first32,method_body_status,formula_recovery_status,evidence_note
,,,,,,,C:\Users\godho\Downloads\girlswar\girlswar_merged_extracted\extracted\il2cpp_dump\dump.cs,,True,,,artifact_present,supporting_artifact_only,local artifact exists=True size=20276104
,,,,,,,C:\Users\godho\Downloads\girlswar\girlswar_merged_extracted\extracted\il2cpp_dump\il2cpp.h,,True,,,artifact_present,supporting_artifact_only,local artifact exists=True size=35626062
,,,,,,,C:\Users\godho\Downloads\girlswar\girlswar_merged_extracted\extracted\il2cpp_dump\script.json,,True,,,artifact_present,supporting_artifact_only,local artifact exists=True size=53911596
,,,,,,,C:\Users\godho\Downloads\girlswar\girlswar_merged_extracted\extracted\il2cpp_dump\stringliteral.json,,True,,,artifact_present,supporting_artifact_only,local artifact exists=True size=1428109
,,,,,,,C:\Users\godho\Downloads\girlswar\girlswar_merged_extracted\extracted\il2cpp_dump\il2cppdumper.log,,True,,,artifact_present,supporting_artifact_only,local artifact exists=True size=1049
,,,,,,,C:\Users\godho\Downloads\girlswar\il2cpp_native\libil2cpp.so,,True,,,artifact_present,supporting_artifact_only,local artifact exists=True size=52321120
,,,,,,,C:\Users\godho\Downloads\girlswar\il2cpp_native\global-metadata.dat,,True,,,artifact_present,supporting_artifact_only,local artifact exists=True size=9513836
,,,,,,,C:\Users\godho\Downloads\girlswar\il2cpp_native\il2cpp_xlua_target_disassembly.asm,,True,,,artifact_present,supporting_artifact_only,local artifact exists=True size=163952
YouYouUISpineCtrWrap,XLua.CSObjectWrap,_m_SetToSetupPose,private static int _m_SetToSetupPose(IntPtr L) { },474786,0x1A1FAD8,// RVA: 0x1A1FAD8 Offset: 0x1A1FAD8 VA: 0x1A1FAD8,C:\Users\godho\Downloads\girlswar\il2cpp_native\libil2cpp.so,0x1A1FAD8,True,9c02c7d75f23521da7b629200bcc8a741f65735e8eee6937f12f44b001e0ba34,f5 0f 1d f8 f4 4f 01 a9 fd 7b 02 a9 fd 83 00 91 14 bf 00 90 88 82 6e 39 f3 03 00 aa c8 00 00 37,native_bytes_available_no_local_disassembler,not_recovered,"dump.cs has RVA/signature only; raw ARM64 bytes can be read from libil2cpp.so, but no local disassembler/lifter is available in PATH and no formula was proven."
YouYouUISpineCtrWrap,XLua.CSObjectWrap,_m_ClearTracks,private static int _m_ClearTracks(IntPtr L) { },474790,0x1A1FCC0,// RVA: 0x1A1FCC0 Offset: 0x1A1FCC0 VA: 0x1A1FCC0,C:\Users\godho\Downloads\girlswar\il2cpp_native\libil2cpp.so,0x1A1FCC0,True,244864f75797e4073300d8a8ea76d4cde1f16bb0e500ad8783078f74ef853230,f5 0f 1d f8 f4 4f 01 a9 fd 7b 02 a9 fd 83 00 91 14 bf 00 90 88 86 6e 39 f3 03 00 aa c8 00 00 37,native_bytes_available_no_local_disassembler,not_recovered,"dump.cs has RVA/signature only; raw ARM64 bytes can be read from libil2cpp.so, but no local disassembler/lifter is available in PATH and no formula was proven."
YouYouUISpineCtrWrap,XLua.CSObjectWrap,_m_ClearComplete,private static int _m_ClearComplete(IntPtr L) { },474794,0x1A1FEA8,// RVA: 0x1A1FEA8 Offset: 0x1A1FEA8 VA: 0x1A1FEA8,C:\Users\godho\Downloads\girlswar\il2cpp_native\libil2cpp.so,0x1A1FEA8,True,f3e1171925ccb66d29b3b1e42a037a4ea965b7c0794587332c4be7aaff046814,f5 0f 1d f8 f4 4f 01 a9 fd 7b 02 a9 fd 83 00 91 14 bf 00 90 88 8a 6e 39 f3 03 00 aa c8 00 00 37,native_bytes_available_no_local_disassembler,not_recovered,"dump.cs has RVA/signature only; raw ARM64 bytes can be read from libil2cpp.so, but no local disassembler/lifter is available in PATH and no formula was proven."
YouYouUISpineCtrWrap,XLua.CSObjectWrap,_m_PlayAnimation,private static int _m_PlayAnimation(IntPtr L) { },474798,0x1A20090,// RVA: 0x1A20090 Offset: 0x1A20090 VA: 0x1A20090,C:\Users\godho\Downloads\girlswar\il2cpp_native\libil2cpp.so,0x1A20090,True,2eb35eb6b8b4252eafb8c7b1867c9ba9d5fa79ace66ddffaccaae8521f2c7574,fb 0f 1a f8 fa 67 01 a9 f8 5f 02 a9 f6 57 03 a9 f4 4f 04 a9 fd 7b 05 a9 fd 43 01 91 f4 be 00 f0,native_bytes_available_no_local_disassembler,not_recovered,"dump.cs has RVA/signature only; raw ARM64 bytes can be read from libil2cpp.so, but no local disassembler/lifter is available in PATH and no formula was proven."
YouYouUISpineCtrWrap,XLua.CSObjectWrap,_m_PlayAnimation2,private static int _m_PlayAnimation2(IntPtr L) { },474806,0x1A20A68,// RVA: 0x1A20A68 Offset: 0x1A20A68 VA: 0x1A20A68,C:\Users\godho\Downloads\girlswar\il2cpp_native\libil2cpp.so,0x1A20A68,True,48ad7f25499bc97df72c0de161f75ed870501b695665f03dc566903e3b8cc0d6,f8 5f bc a9 f6 57 01 a9 f4 4f 02 a9 fd 7b 03 a9 fd c3 00 91 f4 be 00 f0 88 96 6e 39 f3 03 00 aa,native_bytes_available_no_local_disassembler,not_recovered,"dump.cs has RVA/signature only; raw ARM64 bytes can be read from libil2cpp.so, but no local disassembler/lifter is available in PATH and no formula was proven."
YouYouYouYouCanvasHelperWrap,XLua.CSObjectWrap,_m_OnOpenHandler,private static int _m_OnOpenHandler(IntPtr L) { },475302,0x1A30290,// RVA: 0x1A30290 Offset: 0x1A30290 VA: 0x1A30290,C:\Users\godho\Downloads\girlswar\il2cpp_native\libil2cpp.so,0x1A30290,True,5b35d7831bfe0e7082d1290cb233c8e98fcff0e24c4b7c37a565787ca0cc8bf8,f5 0f 1d f8 f4 4f 01 a9 fd 7b 02 a9 fd 83 00 91 74 be 00 f0 88 4e 70 39 f3 03 00 aa c8 00 00 37,native_bytes_available_no_local_disassembler,not_recovered,"dump.cs has RVA/signature only; raw ARM64 bytes can be read from libil2cpp.so, but no local disassembler/lifter is available in PATH and no formula was proven."
YouYouYouYouCanvasHelperWrap,XLua.CSObjectWrap,_m_OnCloseHandler,private static int _m_OnCloseHandler(IntPtr L) { },475306,0x1A30478,// RVA: 0x1A30478 Offset: 0x1A30478 VA: 0x1A30478,C:\Users\godho\Downloads\girlswar\il2cpp_native\libil2cpp.so,0x1A30478,True,03853802bebbe07a1f34fae92aac75a9006e9fd04d620a2a2a1c7b13b5295584,f5 0f 1d f8 f4 4f 01 a9 fd 7b 02 a9 fd 83 00 91 74 be 00 f0 88 52 70 39 f3 03 00 aa c8 00 00 37,native_bytes_available_no_local_disassembler,not_recovered,"dump.cs has RVA/signature only; raw ARM64 bytes can be read from libil2cpp.so, but no local disassembler/lifter is available in PATH and no formula was proven."
YouYouYouYouCanvasHelperWrap,XLua.CSObjectWrap,_m_OnDepthChanged,private static int _m_OnDepthChanged(IntPtr L) { },475310,0x1A30660,// RVA: 0x1A30660 Offset: 0x1A30660 VA: 0x1A30660,C:\Users\godho\Downloads\girlswar\il2cpp_native\libil2cpp.so,0x1A30660,True,5cca3216f73486eba17b4debee3ee9ddbc071bd18e8e4225345909b4466b86e8,f5 0f 1d f8 f4 4f 01 a9 fd 7b 02 a9 fd 83 00 91 74 be 00 f0 88 56 70 39 f3 03 00 aa c8 00 00 37,native_bytes_available_no_local_disassembler,not_recovered,"dump.cs has RVA/signature only; raw ARM64 bytes can be read from libil2cpp.so, but no local disassembler/lifter is available in PATH and no formula was proven."
YouYouYouYouCanvasHelperWrap,XLua.CSObjectWrap,_m_ResetDepth,private static int _m_ResetDepth(IntPtr L) { },475314,0x1A30874,// RVA: 0x1A30874 Offset: 0x1A30874 VA: 0x1A30874,C:\Users\godho\Downloads\girlswar\il2cpp_native\libil2cpp.so,0x1A30874,True,769afbf151bfc5ab433e5ad634ea30705134c1cb3f56bba44946898497fb8b68,f5 0f 1d f8 f4 4f 01 a9 fd 7b 02 a9 fd 83 00 91 74 be 00 f0 88 5a 70 39 f3 03 00 aa c8 00 00 37,native_bytes_available_no_local_disassembler,not_recovered,"dump.cs has RVA/signature only; raw ARM64 bytes can be read from libil2cpp.so, but no local disassembler/lifter is available in PATH and no formula was proven."
YouYouYouYouCanvasHelperWrap,XLua.CSObjectWrap,_m_ResetRenderDepth,private static int _m_ResetRenderDepth(IntPtr L) { },475318,0x1A30A88,// RVA: 0x1A30A88 Offset: 0x1A30A88 VA: 0x1A30A88,C:\Users\godho\Downloads\girlswar\il2cpp_native\libil2cpp.so,0x1A30A88,True,cf973389139f00bd1d52b96728f8f938061e7dda688792831b02f9a4fafee5e7,f5 0f 1d f8 f4 4f 01 a9 fd 7b 02 a9 fd 83 00 91 74 be 00 f0 88 5e 70 39 f3 03 00 aa c8 00 00 37,native_bytes_available_no_local_disassembler,not_recovered,"dump.cs has RVA/signature only; raw ARM64 bytes can be read from libil2cpp.so, but no local disassembler/lifter is available in PATH and no formula was proven."
YouYouYouYouCanvasHelperWrap,XLua.CSObjectWrap,_m_SetDepth,private static int _m_SetDepth(IntPtr L) { },475322,0x1A30C70,// RVA: 0x1A30C70 Offset: 0x1A30C70 VA: 0x1A30C70,C:\Users\godho\Downloads\girlswar\il2cpp_native\libil2cpp.so,0x1A30C70,True,c523f150a956eb3146275b390e081fec545d836db58ff303a282003a3b22604f,f5 0f 1d f8 f4 4f 01 a9 fd 7b 02 a9 fd 83 00 91 74 be 00 f0 88 62 70 39 f3 03 00 aa c8 00 00 37,native_bytes_available_no_local_disassembler,not_recovered,"dump.cs has RVA/signature only; raw ARM64 bytes can be read from libil2cpp.so, but no local disassembler/lifter is available in PATH and no formula was proven."
YouYouYouYouUIManagerWrap,XLua.CSObjectWrap,_m_GetUIGroup,private static int _m_GetUIGroup(IntPtr L) { },475438,0x1A348D4,// RVA: 0x1A348D4 Offset: 0x1A348D4 VA: 0x1A348D4,C:\Users\godho\Downloads\girlswar\il2cpp_native\libil2cpp.so,0x1A348D4,True,b8f55240722b54136e969f7105c6852d1ae129f74c99ba9a10cf20ba664015ec,f5 0f 1d f8 f4 4f 01 a9 fd 7b 02 a9 fd 83 00 91 54 be 00 f0 88 be 70 39 f3 03 00 aa c8 00 00 37,native_bytes_available_no_local_disassembler,not_recovered,"dump.cs has RVA/signature only; raw ARM64 bytes can be read from libil2cpp.so, but no local disassembler/lifter is available in PATH and no formula was proven."
YouYouYouYouUIManagerWrap,XLua.CSObjectWrap,_m_SetSortingOrder,private static int _m_SetSortingOrder(IntPtr L) { },475442,0x1A34B0C,// RVA: 0x1A34B0C Offset: 0x1A34B0C VA: 0x1A34B0C,C:\Users\godho\Downloads\girlswar\il2cpp_native\libil2cpp.so,0x1A34B0C,True,7548a6d1c5d73ac20e2711012d8b0f88706ed24ed7687f967d676e2ad7c011b6,f6 57 bd a9 f4 4f 01 a9 fd 7b 02 a9 fd 83 00 91 54 be 00 f0 88 c2 70 39 f3 03 00 aa e8 01 00 37,native_bytes_available_no_local_disassembler,not_recovered,"dump.cs has RVA/signature only; raw ARM64 bytes can be read from libil2cpp.so, but no local disassembler/lifter is available in PATH and no formula was proven."
YouYouYouYouUIManagerWrap,XLua.CSObjectWrap,_m_OpenUIForm,private static int _m_OpenUIForm(IntPtr L) { },475550,0x1A38C84,// RVA: 0x1A38C84 Offset: 0x1A38C84 VA: 0x1A38C84,C:\Users\godho\Downloads\girlswar\il2cpp_native\libil2cpp.so,0x1A38C84,True,9097646d24fe0f08c555b23f924be6577fd7edf63201060bfa789fc0dfba5b4d,f7 0f 1c f8 f6 57 01 a9 f4 4f 02 a9 fd 7b 03 a9 fd c3 00 91 34 be 00 f0 88 2e 71 39 f3 03 00 aa,native_bytes_available_no_local_disassembler,not_recovered,"dump.cs has RVA/signature only; raw ARM64 bytes can be read from libil2cpp.so, but no local disassembler/lifter is available in PATH and no formula was proven."
YouYouYouYouUIManagerWrap,XLua.CSObjectWrap,_m__OpenUIForm,private static int _m__OpenUIForm(IntPtr L) { },475554,0x1A39154,// RVA: 0x1A39154 Offset: 0x1A39154 VA: 0x1A39154,C:\Users\godho\Downloads\girlswar\il2cpp_native\libil2cpp.so,0x1A39154,True,bf201183d2945640b12d0d7875629a1460ed5300f9947b730a66beb8bdf99ef1,f7 0f 1c f8 f6 57 01 a9 f4 4f 02 a9 fd 7b 03 a9 fd c3 00 91 34 be 00 d0 88 32 71 39 f3 03 00 aa,native_bytes_available_no_local_disassembler,not_recovered,"dump.cs has RVA/signature only; raw ARM64 bytes can be read from libil2cpp.so, but no local disassembler/lifter is available in PATH and no formula was proven."
YouYouYouYouUIManagerWrap,XLua.CSObjectWrap,_m_CloseUIForm,private static int _m_CloseUIForm(IntPtr L) { },475558,0x1A39624,// RVA: 0x1A39624 Offset: 0x1A39624 VA: 0x1A39624,C:\Users\godho\Downloads\girlswar\il2cpp_native\libil2cpp.so,0x1A39624,True,ae569ba8ba4a4cd9a25b011a0669fd21e802625f5f044f07dfb2c48f7d4de83c,f6 57 bd a9 f4 4f 01 a9 fd 7b 02 a9 fd 83 00 91 34 be 00 d0 88 36 71 39 f3 03 00 aa a8 02 00 37,native_bytes_available_no_local_disassembler,not_recovered,"dump.cs has RVA/signature only; raw ARM64 bytes can be read from libil2cpp.so, but no local disassembler/lifter is available in PATH and no formula was proven."
YouYouYouYouUIManagerWrap,XLua.CSObjectWrap,_m__CloseUIForm,private static int _m__CloseUIForm(IntPtr L) { },475562,0x1A39A34,// RVA: 0x1A39A34 Offset: 0x1A39A34 VA: 0x1A39A34,C:\Users\godho\Downloads\girlswar\il2cpp_native\libil2cpp.so,0x1A39A34,True,36a82e114e03488202102d044dbcc0431a0c8569886b7f5d5cae42f796a6b75d,f5 0f 1d f8 f4 4f 01 a9 fd 7b 02 a9 fd 83 00 91 34 be 00 d0 88 3a 71 39 f3 03 00 aa 28 01 00 37,native_bytes_available_no_local_disassembler,not_recovered,"dump.cs has RVA/signature only; raw ARM64 bytes can be read from libil2cpp.so, but no local disassembler/lifter is available in PATH and no formula was proven."
YouYouCanvasHelper,YouYou,get_Depth,public int get_Depth() { },495075,0x13405F8,// RVA: 0x13405F8 Offset: 0x13405F8 VA: 0x13405F8,C:\Users\godho\Downloads\girlswar\il2cpp_native\libil2cpp.so,0x13405F8,True,7ca95a197ae8e0f23c8641ad99c354ce8aedecfc89da1dd2e629eebe5be1d676,f3 0f 1e f8 fd 7b 01 a9 fd 43 00 91 f3 03 00 aa 20 14 83 52 e1 03 1f aa d9 71 ee 97 40 01 00 36,native_bytes_available_no_local_disassembler,not_recovered,"dump.cs has RVA/signature only; raw ARM64 bytes can be read from libil2cpp.so, but no local disassembler/lifter is available in PATH and no formula was proven."
YouYouCanvasHelper,YouYou,Start,private void Start() { },495078,0x1340650,// RVA: 0x1340650 Offset: 0x1340650 VA: 0x1340650,C:\Users\godho\Downloads\girlswar\il2cpp_native\libil2cpp.so,0x1340650,True,61aeb636e76373a4f1dba6b4bd98840556fea92e12b5c4234704a9ce52d0c509,f7 0f 1c f8 f6 57 01 a9 f4 4f 02 a9 fd 7b 03 a9 fd c3 00 91 d4 f5 00 f0 88 82 6f 39 f3 03 00 aa,native_bytes_available_no_local_disassembler,not_recovered,"dump.cs has RVA/signature only; raw ARM64 bytes can be read from libil2cpp.so, but no local disassembler/lifter is available in PATH and no formula was proven."
YouYouCanvasHelper,YouYou,OnOpenHandler,public void OnOpenHandler() { },495084,0x1340D58,// RVA: 0x1340D58 Offset: 0x1340D58 VA: 0x1340D58,C:\Users\godho\Downloads\girlswar\il2cpp_native\libil2cpp.so,0x1340D58,True,75cb777edcb00f7aeaffefc1c0d55448097bf70f8e9f76b2c23cf1a87535358a,f5 0f 1d f8 f4 4f 01 a9 fd 7b 02 a9 fd 83 00 91 d4 f5 00 f0 88 8a 6f 39 f3 03 00 aa c8 00 00 37,native_bytes_available_no_local_disassembler,not_recovered,"dump.cs has RVA/signature only; raw ARM64 bytes can be read from libil2cpp.so, but no local disassembler/lifter is available in PATH and no formula was proven."
YouYouCanvasHelper,YouYou,OnCloseHandler,public void OnCloseHandler() { },495087,0x1340E5C,// RVA: 0x1340E5C Offset: 0x1340E5C VA: 0x1340E5C,C:\Users\godho\Downloads\girlswar\il2cpp_native\libil2cpp.so,0x1340E5C,True,efb53f58cf8123510592fba9f6f627b5b8f2d0941653cadd586f0d56135deda9,f5 0f 1d f8 f4 4f 01 a9 fd 7b 02 a9 fd 83 00 91 d4 f5 00 f0 88 8e 6f 39 f3 03 00 aa c8 00 00 37,native_bytes_available_no_local_disassembler,not_recovered,"dump.cs has RVA/signature only; raw ARM64 bytes can be read from libil2cpp.so, but no local disassembler/lifter is available in PATH and no formula was proven."
YouYouCanvasHelper,YouYou,OnDepthChanged,public void OnDepthChanged(int depth) { },495090,0x1340F60,// RVA: 0x1340F60 Offset: 0x1340F60 VA: 0x1340F60,C:\Users\godho\Downloads\girlswar\il2cpp_native\libil2cpp.so,0x1340F60,True,378c1eef9d79ae69256ae5cfd107140b0d9cc6770c7db8d9d85d931188ccb9a1,f4 4f be a9 fd 7b 01 a9 fd 43 00 91 f3 03 01 2a f4 03 00 aa 40 13 83 52 e1 03 1f aa 7e 6f ee 97,native_bytes_available_no_local_disassembler,not_recovered,"dump.cs has RVA/signature only; raw ARM64 bytes can be read from libil2cpp.so, but no local disassembler/lifter is available in PATH and no formula was proven."
YouYouCanvasHelper,YouYou,ResetDepth,public void ResetDepth(int depth) { },495093,0x1340FC0,// RVA: 0x1340FC0 Offset: 0x1340FC0 VA: 0x1340FC0,C:\Users\godho\Downloads\girlswar\il2cpp_native\libil2cpp.so,0x1340FC0,True,0290f2c4ba8056fa1160cba7e3eaac76e3ae6994e36094ac3f6a006f6ff11bc5,f6 57 bd a9 f4 4f 01 a9 fd 7b 02 a9 fd 83 00 91 d5 f5 00 f0 a8 92 6f 39 f3 03 01 2a f4 03 00 aa,native_bytes_available_no_local_disassembler,not_recovered,"dump.cs has RVA/signature only; raw ARM64 bytes can be read from libil2cpp.so, but no local disassembler/lifter is available in PATH and no formula was proven."
YouYouCanvasHelper,YouYou,ResetRenderDepth,public void ResetRenderDepth() { },495096,0x13408DC,// RVA: 0x13408DC Offset: 0x13408DC VA: 0x13408DC,C:\Users\godho\Downloads\girlswar\il2cpp_native\libil2cpp.so,0x13408DC,True,ebd99178fedb13aeae861c2807d21c736ac79bc80dc40e7b51db787e72eb41d1,f6 57 bd a9 f4 4f 01 a9 fd 7b 02 a9 fd 83 00 91 d4 f5 00 f0 88 96 6f 39 f3 03 00 aa e8 01 00 37,native_bytes_available_no_local_disassembler,not_recovered,"dump.cs has RVA/signature only; raw ARM64 bytes can be read from libil2cpp.so, but no local disassembler/lifter is available in PATH and no formula was proven."
YouYouCanvasHelper,YouYou,SetDepth,public void SetDepth(int depth) { },495099,0x1341170,// RVA: 0x1341170 Offset: 0x1341170 VA: 0x1341170,C:\Users\godho\Downloads\girlswar\il2cpp_native\libil2cpp.so,0x1341170,True,21e6a3f2a4b35d17981a98c3f2d11f4b7e3a1ecb541225cbd50a7e734c598776,f4 4f be a9 fd 7b 01 a9 fd 43 00 91 f3 03 01 2a f4 03 00 aa e0 13 83 52 e1 03 1f aa fa 6e ee 97,native_bytes_available_no_local_disassembler,not_recovered,"dump.cs has RVA/signature only; raw ARM64 bytes can be read from libil2cpp.so, but no local disassembler/lifter is available in PATH and no formula was proven."
UILayer,YouYou,SetSortingOrder,"internal void SetSortingOrder(UIFormBase formBase, bool isAdd) { }",507965,0xDCAC7C,// RVA: 0xDCAC7C Offset: 0xDCAC7C VA: 0xDCAC7C,C:\Users\godho\Downloads\girlswar\il2cpp_native\libil2cpp.so,0xDCAC7C,True,007f7595ebd7cba481deb6ae38596538c8a4b62c2b562badfa16d81743ef87c3,ff 03 01 d1 f6 57 01 a9 f4 4f 02 a9 fd 7b 03 a9 fd c3 00 91 76 21 01 b0 c8 f2 7f 39 f5 03 02 2a,native_bytes_available_no_local_disassembler,not_recovered,"dump.cs has RVA/signature only; raw ARM64 bytes can be read from libil2cpp.so, but no local disassembler/lifter is available in PATH and no formula was proven."
UILayer,YouYou,Init,public void Init(YouYouUIManager uiManager) { },507968,0xDCAF64,// RVA: 0xDCAF64 Offset: 0xDCAF64 VA: 0xDCAF64 Slot: 4,C:\Users\godho\Downloads\girlswar\il2cpp_native\libil2cpp.so,0xDCAF64,True,5c650161b28d965fb72431ae3da8e21ca34e1e2c065a3107a3fb93aa7d901816,f9 0f 1b f8 f8 5f 01 a9 f6 57 02 a9 f4 4f 03 a9 fd 7b 04 a9 fd 03 01 91 75 21 01 b0 a8 f6 7f 39,native_bytes_available_no_local_disassembler,not_recovered,"dump.cs has RVA/signature only; raw ARM64 bytes can be read from libil2cpp.so, but no local disassembler/lifter is available in PATH and no formula was proven."
UILayer,YouYou,GetUIGroup,public UIGroup GetUIGroup(byte id) { },507974,0xDCAEB8,// RVA: 0xDCAEB8 Offset: 0xDCAEB8 VA: 0xDCAEB8,C:\Users\godho\Downloads\girlswar\il2cpp_native\libil2cpp.so,0xDCAEB8,True,620dba1c73b53cbace082eaf701eeaab739d9b35d45838cfcc0c523ae124e2ac,f5 0f 1d f8 f4 4f 01 a9 fd 7b 02 a9 fd 83 00 91 75 21 01 b0 a8 fa 7f 39 f3 03 01 2a f4 03 00 aa,native_bytes_available_no_local_disassembler,not_recovered,"dump.cs has RVA/signature only; raw ARM64 bytes can be read from libil2cpp.so, but no local disassembler/lifter is available in PATH and no formula was proven."
AbstractUIManager,YouYou,OpenUIForm,"public void OpenUIForm(int uiFormId, object userData, BaseAction<UIFormBase> onOpen) { }",508152,0x142FFD8,// RVA: 0x142FFD8 Offset: 0x142FFD8 VA: 0x142FFD8 Slot: 5,C:\Users\godho\Downloads\girlswar\il2cpp_native\libil2cpp.so,0x142FFD8,True,ac7645644103122672d81cad595eac6a9e508f7b535e8af2f7fb592b67d671e3,ff 43 03 d1 fc 6f 07 a9 fa 67 08 a9 f8 5f 09 a9 f6 57 0a a9 f4 4f 0b a9 fd 7b 0c a9 fd 03 03 91,native_bytes_available_no_local_disassembler,not_recovered,"dump.cs has RVA/signature only; raw ARM64 bytes can be read from libil2cpp.so, but no local disassembler/lifter is available in PATH and no formula was proven."
AbstractUIManager,YouYou,OpenUI,"private void OpenUI(int uiFormId, DTSysUIForm sys_UIForm, object userData, BaseAction<UIFormBase> onOpen) { }",508155,0x1430A38,// RVA: 0x1430A38 Offset: 0x1430A38 VA: 0x1430A38,C:\Users\godho\Downloads\girlswar\il2cpp_native\libil2cpp.so,0x1430A38,True,593bab02d101cf8ad66d85a4bacf0fc1e7d81e5f025bba3533972ac6ae23a1bb,ff 83 02 d1 fc 6f 04 a9 fa 67 05 a9 f8 5f 06 a9 f6 57 07 a9 f4 4f 08 a9 fd 7b 09 a9 fd 43 02 91,native_bytes_available_no_local_disassembler,not_recovered,"dump.cs has RVA/signature only; raw ARM64 bytes can be read from libil2cpp.so, but no local disassembler/lifter is available in PATH and no formula was proven."
AbstractUIManager,YouYou,CheckAndIsFull,protected virtual void CheckAndIsFull() { },508158,0x143160C,// RVA: 0x143160C Offset: 0x143160C VA: 0x143160C Slot: 12,C:\Users\godho\Downloads\girlswar\il2cpp_native\libil2cpp.so,0x143160C,True,1f75c1dcef665e0fb54b5e68e5e93b6fe3e84fa22c63a783bfc5820f69d20554,ff 03 03 d1 e9 23 05 6d fc 6f 06 a9 fa 67 07 a9 f8 5f 08 a9 f6 57 09 a9 f4 4f 0a a9 fd 7b 0b a9,native_bytes_available_no_local_disassembler,not_recovered,"dump.cs has RVA/signature only; raw ARM64 bytes can be read from libil2cpp.so, but no local disassembler/lifter is available in PATH and no formula was proven."
AbstractUIManager,YouYou,CloseUIForm,public void CloseUIForm(int uiFormId) { },508176,0x1431BD0,// RVA: 0x1431BD0 Offset: 0x1431BD0 VA: 0x1431BD0 Slot: 6,C:\Users\godho\Downloads\girlswar\il2cpp_native\libil2cpp.so,0x1431BD0,True,ef3f8ea3cfd521aec50e7a3d26bdfdff07c8dd3af5d89ae5bc7f173b5fe67ced,f5 0f 1d f8 f4 4f 01 a9 fd 7b 02 a9 fd 83 00 91 55 ee 00 f0 a8 26 4c 39 f4 03 01 2a f3 03 00 aa,native_bytes_available_no_local_disassembler,not_recovered,"dump.cs has RVA/signature only; raw ARM64 bytes can be read from libil2cpp.so, but no local disassembler/lifter is available in PATH and no formula was proven."
AbstractUIManager,YouYou,CloseUIForm,"public void CloseUIForm(int uiFormId, bool isImmediately) { }",508179,0x1431D6C,// RVA: 0x1431D6C Offset: 0x1431D6C VA: 0x1431D6C Slot: 7,C:\Users\godho\Downloads\girlswar\il2cpp_native\libil2cpp.so,0x1431D6C,True,7cd5ab4b1a5fa65093d13d050e4b03831b6060b80083424d7e68d4a4845c9f85,f6 57 bd a9 f4 4f 01 a9 fd 7b 02 a9 fd 83 00 91 56 ee 00 f0 c8 2a 4c 39 f3 03 02 2a f5 03 01 2a,native_bytes_available_no_local_disassembler,not_recovered,"dump.cs has RVA/signature only; raw ARM64 bytes can be read from libil2cpp.so, but no local disassembler/lifter is available in PATH and no formula was proven."
AbstractUIManager,YouYou,CloseUIForm,"public void CloseUIForm(UIFormBase formBase, bool isImmediately = False) { }",508182,0x1431C7C,// RVA: 0x1431C7C Offset: 0x1431C7C VA: 0x1431C7C,C:\Users\godho\Downloads\girlswar\il2cpp_native\libil2cpp.so,0x1431C7C,True,ddf6053e3afdc4437cea0f74712280efdbf89c53bd8099e9677c6cc955abf4a7,f6 57 bd a9 f4 4f 01 a9 fd 7b 02 a9 fd 83 00 91 56 ee 00 f0 c8 2e 4c 39 f4 03 02 2a f3 03 01 aa,native_bytes_available_no_local_disassembler,not_recovered,"dump.cs has RVA/signature only; raw ARM64 bytes can be read from libil2cpp.so, but no local disassembler/lifter is available in PATH and no formula was proven."
AbstractUIManager,YouYou,GetLastUILayer,public int GetLastUILayer() { },508206,0x14324BC,// RVA: 0x14324BC Offset: 0x14324BC VA: 0x14324BC,C:\Users\godho\Downloads\girlswar\il2cpp_native\libil2cpp.so,0x14324BC,True,dbb63fed3aacf68e4b9891da41bf0106176938d9d1f1ace5da8cb2f1cd94b8bc,f4 4f be a9 fd 7b 01 a9 fd 43 00 91 54 ee 00 d0 88 4e 4c 39 f3 03 00 aa 88 01 00 37 c0 df 00 b0,native_bytes_available_no_local_disassembler,not_recovered,"dump.cs has RVA/signature only; raw ARM64 bytes can be read from libil2cpp.so, but no local disassembler/lifter is available in PATH and no formula was proven."
AbstractUIManager,YouYou,GetLastEnableUILayer,public int GetLastEnableUILayer() { },508209,0x1432550,// RVA: 0x1432550 Offset: 0x1432550 VA: 0x1432550,C:\Users\godho\Downloads\girlswar\il2cpp_native\libil2cpp.so,0x1432550,True,cdcec66d55be83f6b7f82816467b9cc4fa2f32e68798d5c57dbfde936accd15c,f5 0f 1d f8 f4 4f 01 a9 fd 7b 02 a9 fd 83 00 91 54 ee 00 d0 88 52 4c 39 f3 03 00 aa e8 01 00 37,native_bytes_available_no_local_disassembler,not_recovered,"dump.cs has RVA/signature only; raw ARM64 bytes can be read from libil2cpp.so, but no local disassembler/lifter is available in PATH and no formula was proven."
AbstractUIManager,YouYou,GetLastEnableUILayerByGroupId,public UIFormBase GetLastEnableUILayerByGroupId(int groupId) { },508212,0x1432624,// RVA: 0x1432624 Offset: 0x1432624 VA: 0x1432624,C:\Users\godho\Downloads\girlswar\il2cpp_native\libil2cpp.so,0x1432624,True,8fe6c0469e1ce15aafb94fa9e685d669d1d38b6098c68a06f4109d629ff3025a,f5 0f 1d f8 f4 4f 01 a9 fd 7b 02 a9 fd 83 00 91 55 ee 00 d0 a8 56 4c 39 f3 03 01 2a f4 03 00 aa,native_bytes_available_no_local_disassembler,not_recovered,"dump.cs has RVA/signature only; raw ARM64 bytes can be read from libil2cpp.so, but no local disassembler/lifter is available in PATH and no formula was proven."
UIManager2,YouYou,OnShowUI,public override void OnShowUI(UIFormBase uiFormBase) { },508306,0xDD1C04,// RVA: 0xDD1C04 Offset: 0xDD1C04 VA: 0xDD1C04 Slot: 13,C:\Users\godho\Downloads\girlswar\il2cpp_native\libil2cpp.so,0xDD1C04,True,76bf3e3f7f70157e4a72449a73d9c1f8d5d714af0c32c0010becbc239a608965,ff 43 01 d1 f8 5f 01 a9 f6 57 02 a9 f4 4f 03 a9 fd 7b 04 a9 fd 03 01 91 35 21 01 f0 a8 ba 40 39,native_bytes_available_no_local_disassembler,not_recovered,"dump.cs has RVA/signature only; raw ARM64 bytes can be read from libil2cpp.so, but no local disassembler/lifter is available in PATH and no formula was proven."
UIManager2,YouYou,OnHideUI,public override void OnHideUI(UIFormBase uiFormBase) { },508319,0xDD1EC4,// RVA: 0xDD1EC4 Offset: 0xDD1EC4 VA: 0xDD1EC4 Slot: 14,C:\Users\godho\Downloads\girlswar\il2cpp_native\libil2cpp.so,0xDD1EC4,True,c0b391105f67156bf8da98989fa40e0540c14bbc8c7a7b3cf7373f60b57e9366,ff 43 01 d1 f8 5f 01 a9 f6 57 02 a9 f4 4f 03 a9 fd 7b 04 a9 fd 03 01 91 35 21 01 f0 a8 be 40 39,native_bytes_available_no_local_disassembler,not_recovered,"dump.cs has RVA/signature only; raw ARM64 bytes can be read from libil2cpp.so, but no local disassembler/lifter is available in PATH and no formula was proven."
UIManager2,YouYou,OnCloseUIForm,"protected override void OnCloseUIForm(UIFormBase formBase, bool isImmediately) { }",508322,0xDD2184,// RVA: 0xDD2184 Offset: 0xDD2184 VA: 0xDD2184 Slot: 15,C:\Users\godho\Downloads\girlswar\il2cpp_native\libil2cpp.so,0xDD2184,True,c0c43233e13ef11745e15e346265024d4c7f430c7dcffb00a2de71b5883194a0,f6 57 bd a9 f4 4f 01 a9 fd 7b 02 a9 fd 83 00 91 36 21 01 d0 c8 c2 40 39 f5 03 02 2a f4 03 01 aa,native_bytes_available_no_local_disassembler,not_recovered,"dump.cs has RVA/signature only; raw ARM64 bytes can be read from libil2cpp.so, but no local disassembler/lifter is available in PATH and no formula was proven."
UIManager2,YouYou,YieldCloseUIForm,private IEnumerator YieldCloseUIForm(UIFormBase formBase) { },508326,0xDD23A0,// RVA: 0xDD23A0 Offset: 0xDD23A0 VA: 0xDD23A0,C:\Users\godho\Downloads\girlswar\il2cpp_native\libil2cpp.so,0xDD23A0,True,499513fa94cde044868eb4ef45e984af7de2a09986953728ea831ea6d301a02a,f5 0f 1d f8 f4 4f 01 a9 fd 7b 02 a9 fd 83 00 91 35 21 01 d0 a8 c6 40 39 f3 03 01 aa f4 03 00 aa,native_bytes_available_no_local_disassembler,not_recovered,"dump.cs has RVA/signature only; raw ARM64 bytes can be read from libil2cpp.so, but no local disassembler/lifter is available in PATH and no formula was proven."
UIManager2,YouYou,GetSubtopUIFormId,public override int GetSubtopUIFormId() { },508329,0xDD2418,// RVA: 0xDD2418 Offset: 0xDD2418 VA: 0xDD2418 Slot: 16,C:\Users\godho\Downloads\girlswar\il2cpp_native\libil2cpp.so,0xDD2418,True,939e61ae903107f0ada38da0d5930c8fc573a9c728750b3e7b4afd2cea6de15f,00 00 80 12 c0 03 5f d6 e1 03 1f aa e5 80 19 14 f4 4f be a9 fd 7b 01 a9 fd 43 00 91 34 21 01 d0,native_bytes_available_no_local_disassembler,not_recovered,"dump.cs has RVA/signature only; raw ARM64 bytes can be read from libil2cpp.so, but no local disassembler/lifter is available in PATH and no formula was proven."
UISetActiveManager,YouYou,OnShowUI,public override void OnShowUI(UIFormBase uiFormBase) { },508410,0xDD783C,// RVA: 0xDD783C Offset: 0xDD783C VA: 0xDD783C Slot: 13,C:\Users\godho\Downloads\girlswar\il2cpp_native\libil2cpp.so,0xDD783C,True,fc0656c843c19e4356f16d63e84ba757205f1258c774ad3a6c05b1df530149c7,f3 0f 1e f8 fd 7b 01 a9 fd 43 00 91 a1 02 00 b4 f3 03 01 aa e0 03 01 aa e1 03 1f aa 0b 30 15 94,native_bytes_available_no_local_disassembler,not_recovered,"dump.cs has RVA/signature only; raw ARM64 bytes can be read from libil2cpp.so, but no local disassembler/lifter is available in PATH and no formula was proven."
UISetActiveManager,YouYou,OnHideUI,public override void OnHideUI(UIFormBase uiFormBase) { },508413,0xDD78A0,// RVA: 0xDD78A0 Offset: 0xDD78A0 VA: 0xDD78A0 Slot: 14,C:\Users\godho\Downloads\girlswar\il2cpp_native\libil2cpp.so,0xDD78A0,True,a6f4c09e66e969df1536e96a92226bd06335433248357091b58d7a1da7926b71,f3 0f 1e f8 fd 7b 01 a9 fd 43 00 91 a1 02 00 b4 f3 03 01 aa e0 03 01 aa e1 03 1f aa f2 2f 15 94,native_bytes_available_no_local_disassembler,not_recovered,"dump.cs has RVA/signature only; raw ARM64 bytes can be read from libil2cpp.so, but no local disassembler/lifter is available in PATH and no formula was proven."
UISetActiveManager,YouYou,OnCloseUIForm,"protected override void OnCloseUIForm(UIFormBase formBase, bool isImmediately) { }",508416,0xDD7904,// RVA: 0xDD7904 Offset: 0xDD7904 VA: 0xDD7904 Slot: 15,C:\Users\godho\Downloads\girlswar\il2cpp_native\libil2cpp.so,0xDD7904,True,c86549ba2813fa7f085c417d073ed61b718a80902b1f87bd9f2b6aabcfa8944e,f6 57 bd a9 f4 4f 01 a9 fd 7b 02 a9 fd 83 00 91 16 21 01 b0 c8 6a 41 39 f5 03 02 2a f4 03 01 aa,native_bytes_available_no_local_disassembler,not_recovered,"dump.cs has RVA/signature only; raw ARM64 bytes can be read from libil2cpp.so, but no local disassembler/lifter is available in PATH and no formula was proven."
UISetActiveManager,YouYou,YieldCloseUIForm,private IEnumerator YieldCloseUIForm(UIFormBase formBase) { },508420,0xDD7B0C,// RVA: 0xDD7B0C Offset: 0xDD7B0C VA: 0xDD7B0C,C:\Users\godho\Downloads\girlswar\il2cpp_native\libil2cpp.so,0xDD7B0C,True,825c59234523c3e94570ea4b5385fad6063718b79f98c6ef85f70fb9a6a54476,f5 0f 1d f8 f4 4f 01 a9 fd 7b 02 a9 fd 83 00 91 15 21 01 b0 a8 6e 41 39 f3 03 01 aa f4 03 00 aa,native_bytes_available_no_local_disassembler,not_recovered,"dump.cs has RVA/signature only; raw ARM64 bytes can be read from libil2cpp.so, but no local disassembler/lifter is available in PATH and no formula was proven."
UISetActiveManager,YouYou,GetSubtopUIFormId,public override int GetSubtopUIFormId() { },508429,0xDD81A4,// RVA: 0xDD81A4 Offset: 0xDD81A4 VA: 0xDD81A4 Slot: 16,C:\Users\godho\Downloads\girlswar\il2cpp_native\libil2cpp.so,0xDD81A4,True,bc6ec797ef8e8fa725ec54850b930d80216d46e60fd038435e9d00774dc22991,ff c3 02 d1 fc 6f 05 a9 fa 67 06 a9 f8 5f 07 a9 f6 57 08 a9 f4 4f 09 a9 fd 7b 0a a9 fd 83 02 91,native_bytes_available_no_local_disassembler,not_recovered,"dump.cs has RVA/signature only; raw ARM64 bytes can be read from libil2cpp.so, but no local disassembler/lifter is available in PATH and no formula was proven."
YouYouUIManager,YouYou,Init,public override void Init() { },508562,0xFE172C,// RVA: 0xFE172C Offset: 0xFE172C VA: 0xFE172C Slot: 4,C:\Users\godho\Downloads\girlswar\il2cpp_native\libil2cpp.so,0xFE172C,True,2dd5879dd5a6d7e26d1bf635fec0b010cf6687a5d942f5cafe53a84d42a01d2b,f6 57 bd a9 f4 4f 01 a9 fd 7b 02 a9 fd 83 00 91 b4 10 01 f0 88 ba 74 39 f3 03 00 aa e8 01 00 37,native_bytes_available_no_local_disassembler,not_recovered,"dump.cs has RVA/signature only; raw ARM64 bytes can be read from libil2cpp.so, but no local disassembler/lifter is available in PATH and no formula was proven."
YouYouUIManager,YouYou,GetUIGroup,public UIGroup GetUIGroup(byte id) { },508580,0xFE1B38,// RVA: 0xFE1B38 Offset: 0xFE1B38 VA: 0xFE1B38,C:\Users\godho\Downloads\girlswar\il2cpp_native\libil2cpp.so,0xFE1B38,True,77eb4c0af3ef22f40f3f733b153a987f3f5299e728779734b83df3c2f8dc3a17,f4 4f be a9 fd 7b 01 a9 fd 43 00 91 f3 03 01 2a f4 03 00 aa 60 2e 80 52 e1 03 1f aa 88 ec fb 97,native_bytes_available_no_local_disassembler,not_recovered,"dump.cs has RVA/signature only; raw ARM64 bytes can be read from libil2cpp.so, but no local disassembler/lifter is available in PATH and no formula was proven."
YouYouUIManager,YouYou,SetSortingOrder,"public void SetSortingOrder(UIFormBase formBase, bool isAdd) { }",508583,0xFE1BA4,// RVA: 0xFE1BA4 Offset: 0xFE1BA4 VA: 0xFE1BA4,C:\Users\godho\Downloads\girlswar\il2cpp_native\libil2cpp.so,0xFE1BA4,True,1e664ff86f0dc24645a945afacadd59df3abf674b717bc910f21e92f918ea1a1,f5 0f 1d f8 f4 4f 01 a9 fd 7b 02 a9 fd 83 00 91 f3 03 01 aa f5 03 00 aa 80 55 82 52 e1 03 1f aa,native_bytes_available_no_local_disassembler,not_recovered,"dump.cs has RVA/signature only; raw ARM64 bytes can be read from libil2cpp.so, but no local disassembler/lifter is available in PATH and no formula was proven."
YouYouUIManager,YouYou,FullFormCanvasScaler,public void FullFormCanvasScaler() { },508604,0xFE1E68,// RVA: 0xFE1E68 Offset: 0xFE1E68 VA: 0xFE1E68,C:\Users\godho\Downloads\girlswar\il2cpp_native\libil2cpp.so,0xFE1E68,True,12027e1fb989892f3506ce3a9da2f7c40fd77de4de0623d042ce03651a030e45,f3 0f 1e f8 fd 7b 01 a9 fd 43 00 91 f3 03 00 aa e0 57 82 52 e1 03 1f aa bd eb fb 97 40 01 00 36,native_bytes_available_no_local_disassembler,not_recovered,"dump.cs has RVA/signature only; raw ARM64 bytes can be read from libil2cpp.so, but no local disassembler/lifter is available in PATH and no formula was proven."
YouYouUIManager,YouYou,NormalFormCanvasScaler,public void NormalFormCanvasScaler() { },508607,0xFE1EC8,// RVA: 0xFE1EC8 Offset: 0xFE1EC8 VA: 0xFE1EC8,C:\Users\godho\Downloads\girlswar\il2cpp_native\libil2cpp.so,0xFE1EC8,True,423d5f3149005a970cb34aa8673a4bdab63109690b9e8bdfd8c306528ccaee91,f3 0f 1e f8 fd 7b 01 a9 fd 43 00 91 f3 03 00 aa 20 58 82 52 e1 03 1f aa a5 eb fb 97 40 01 00 36,native_bytes_available_no_local_disassembler,not_recovered,"dump.cs has RVA/signature only; raw ARM64 bytes can be read from libil2cpp.so, but no local disassembler/lifter is available in PATH and no formula was proven."
YouYouUIManager,YouYou,ShowUIForm,public void ShowUIForm(int uiFormId) { },508658,0xFE2C10,// RVA: 0xFE2C10 Offset: 0xFE2C10 VA: 0xFE2C10,C:\Users\godho\Downloads\girlswar\il2cpp_native\libil2cpp.so,0xFE2C10,True,70103f97f36f4f06dcee8c2e318234e315c7049b13cae2138e495254743bd6f0,f4 4f be a9 fd 7b 01 a9 fd 43 00 91 f3 03 01 2a f4 03 00 aa 60 5e 82 52 e1 03 1f aa 52 e8 fb 97,native_bytes_available_no_local_disassembler,not_recovered,"dump.cs has RVA/signature only; raw ARM64 bytes can be read from libil2cpp.so, but no local disassembler/lifter is available in PATH and no formula was proven."
YouYouUIManager,YouYou,HideUIForm,public void HideUIForm(int uiFormId) { },508664,0xFE2D5C,// RVA: 0xFE2D5C Offset: 0xFE2D5C VA: 0xFE2D5C,C:\Users\godho\Downloads\girlswar\il2cpp_native\libil2cpp.so,0xFE2D5C,True,3a3f1774e22ce611a4cdf6671bfa6d9413e4e8498d1e8858328812755c86de19,f4 4f be a9 fd 7b 01 a9 fd 43 00 91 f3 03 01 2a f4 03 00 aa c0 5e 82 52 e1 03 1f aa ff e7 fb 97,native_bytes_available_no_local_disassembler,not_recovered,"dump.cs has RVA/signature only; raw ARM64 bytes can be read from libil2cpp.so, but no local disassembler/lifter is available in PATH and no formula was proven."
YouYouUIManager,YouYou,OpenUIForm,"public void OpenUIForm(int uiFormId, object userData, BaseAction<UIFormBase> onOpen) { }",508667,0xFE2AA8,// RVA: 0xFE2AA8 Offset: 0xFE2AA8 VA: 0xFE2AA8,C:\Users\godho\Downloads\girlswar\il2cpp_native\libil2cpp.so,0xFE2AA8,True,a0e5e8416bf67ceea8d3000d0be2645061093009dd45a7b23c514687476acd09,f7 0f 1c f8 f6 57 01 a9 f4 4f 02 a9 fd 7b 03 a9 fd c3 00 91 b7 10 01 d0 e8 d2 74 39 f3 03 03 aa,native_bytes_available_no_local_disassembler,not_recovered,"dump.cs has RVA/signature only; raw ARM64 bytes can be read from libil2cpp.so, but no local disassembler/lifter is available in PATH and no formula was proven."
YouYouUIManager,YouYou,_OpenUIForm,"public void _OpenUIForm(int uiFormId, object userData, BaseAction<UIFormBase> onOpen) { }",508670,0xFE2DC8,// RVA: 0xFE2DC8 Offset: 0xFE2DC8 VA: 0xFE2DC8,C:\Users\godho\Downloads\girlswar\il2cpp_native\libil2cpp.so,0xFE2DC8,True,3a804c9b8f3c68d4098e3f2ad98b46d34c3e9f34031736fe28914c2e41fa99e8,ff 43 02 d1 f8 5f 05 a9 f6 57 06 a9 f4 4f 07 a9 fd 7b 08 a9 fd 03 02 91 b4 10 01 d0 88 d6 74 39,native_bytes_available_no_local_disassembler,not_recovered,"dump.cs has RVA/signature only; raw ARM64 bytes can be read from libil2cpp.so, but no local disassembler/lifter is available in PATH and no formula was proven."
YouYouUIManager,YouYou,CloseUIForm,public void CloseUIForm(int uiFormId) { },508674,0xFE3160,// RVA: 0xFE3160 Offset: 0xFE3160 VA: 0xFE3160,C:\Users\godho\Downloads\girlswar\il2cpp_native\libil2cpp.so,0xFE3160,True,e36ee03afc9c5160ea67c24a167b86b0e957895712c7adbcdf356a1c0481a95f,f4 4f be a9 fd 7b 01 a9 fd 43 00 91 f3 03 01 2a f4 03 00 aa 40 5f 82 52 e1 03 1f aa fe e6 fb 97,native_bytes_available_no_local_disassembler,not_recovered,"dump.cs has RVA/signature only; raw ARM64 bytes can be read from libil2cpp.so, but no local disassembler/lifter is available in PATH and no formula was proven."
YouYouUIManager,YouYou,CloseUIForm,"public void CloseUIForm(int uiFormId, bool isImmediately) { }",508678,0xFE356C,// RVA: 0xFE356C Offset: 0xFE356C VA: 0xFE356C,C:\Users\godho\Downloads\girlswar\il2cpp_native\libil2cpp.so,0xFE356C,True,5fb6b42e3e6f2bbf1c72b2799bf1ded46a80a47ddcdfac299b9dea671f69c25e,f5 0f 1d f8 f4 4f 01 a9 fd 7b 02 a9 fd 83 00 91 f3 03 01 2a f4 03 00 aa c0 5f 82 52 e1 03 1f aa,native_bytes_available_no_local_disassembler,not_recovered,"dump.cs has RVA/signature only; raw ARM64 bytes can be read from libil2cpp.so, but no local disassembler/lifter is available in PATH and no formula was proven."
YouYouUIManager,YouYou,CloseUIForm,public void CloseUIForm(UIFormBase formBase) { },508682,0xFE35E8,// RVA: 0xFE35E8 Offset: 0xFE35E8 VA: 0xFE35E8,C:\Users\godho\Downloads\girlswar\il2cpp_native\libil2cpp.so,0xFE35E8,True,68de1351320feba55119030d281dc82ecb121943c9b217d4394b8b292a4a5d9e,f5 0f 1d f8 f4 4f 01 a9 fd 7b 02 a9 fd 83 00 91 b5 10 01 b0 a8 da 74 39 f3 03 01 aa f4 03 00 aa,native_bytes_available_no_local_disassembler,not_recovered,"dump.cs has RVA/signature only; raw ARM64 bytes can be read from libil2cpp.so, but no local disassembler/lifter is available in PATH and no formula was proven."
YouYouUIManager,YouYou,_CloseUIForm,"public void _CloseUIForm(int uiFormId, bool isImmediately = False) { }",508685,0xFE31C8,// RVA: 0xFE31C8 Offset: 0xFE31C8 VA: 0xFE31C8,C:\Users\godho\Downloads\girlswar\il2cpp_native\libil2cpp.so,0xFE31C8,True,b01958e46e6e35fe0a82a1d84ee1406e9535cd721ba968a2e0938ce79819201b,f7 0f 1c f8 f6 57 01 a9 f4 4f 02 a9 fd 7b 03 a9 fd c3 00 91 b3 10 01 b0 68 de 74 39 f6 03 02 2a,native_bytes_available_no_local_disassembler,not_recovered,"dump.cs has RVA/signature only; raw ARM64 bytes can be read from libil2cpp.so, but no local disassembler/lifter is available in PATH and no formula was proven."
YouYouUIManager,YouYou,GetLastUILayer,public int GetLastUILayer() { },508697,0xFE37E4,// RVA: 0xFE37E4 Offset: 0xFE37E4 VA: 0xFE37E4,C:\Users\godho\Downloads\girlswar\il2cpp_native\libil2cpp.so,0xFE37E4,True,51ba0824898652295695a36a6da0148dea1d0a854497519e1323d3713cdeb780,f3 0f 1e f8 fd 7b 01 a9 fd 43 00 91 f3 03 00 aa e0 60 82 52 e1 03 1f aa 5e e5 fb 97 40 01 00 36,native_bytes_available_no_local_disassembler,not_recovered,"dump.cs has RVA/signature only; raw ARM64 bytes can be read from libil2cpp.so, but no local disassembler/lifter is available in PATH and no formula was proven."
YouYouUIManager,YouYou,GetLastEnableUILayer,public int GetLastEnableUILayer() { },508700,0xFE3844,// RVA: 0xFE3844 Offset: 0xFE3844 VA: 0xFE3844,C:\Users\godho\Downloads\girlswar\il2cpp_native\libil2cpp.so,0xFE3844,True,4ecb47aa681c0fd4b29bebbec8e75832c70936d621c9aefdc9f1052dc9bfbbd6,f3 0f 1e f8 fd 7b 01 a9 fd 43 00 91 f3 03 00 aa 20 61 82 52 e1 03 1f aa 46 e5 fb 97 40 01 00 36,native_bytes_available_no_local_disassembler,not_recovered,"dump.cs has RVA/signature only; raw ARM64 bytes can be read from libil2cpp.so, but no local disassembler/lifter is available in PATH and no formula was proven."
YouYouUIManager,YouYou,GetLastEnableUILayerByGroupId,public UIFormBase GetLastEnableUILayerByGroupId(int groupId) { },508703,0xFE38A4,// RVA: 0xFE38A4 Offset: 0xFE38A4 VA: 0xFE38A4,C:\Users\godho\Downloads\girlswar\il2cpp_native\libil2cpp.so,0xFE38A4,True,e1e5a7069732931e16f318bb8bd106727be74c12d36c4ba5cf8a6c02f3b52d84,f4 4f be a9 fd 7b 01 a9 fd 43 00 91 f3 03 01 2a f4 03 00 aa 00 56 82 52 e1 03 1f aa 2d e5 fb 97,native_bytes_available_no_local_disassembler,not_recovered,"dump.cs has RVA/signature only; raw ARM64 bytes can be read from libil2cpp.so, but no local disassembler/lifter is available in PATH and no formula was proven."
UIFormBase,YouYou,add_OnDepthChanged,public void add_OnDepthChanged(BaseAction<int> value) { },508991,0xED85D0,// RVA: 0xED85D0 Offset: 0xED85D0 VA: 0xED85D0,C:\Users\godho\Downloads\girlswar\il2cpp_native\libil2cpp.so,0xED85D0,True,bcea4725ece4b294606f9aa2c8246e7470f8bee7680c36f08be81a2aa098b668,f6 57 bd a9 f4 4f 01 a9 fd 7b 02 a9 fd 83 00 91 15 19 01 90 a8 ea 57 39 f3 03 01 aa f4 03 00 aa,native_bytes_available_no_local_disassembler,not_recovered,"dump.cs has RVA/signature only; raw ARM64 bytes can be read from libil2cpp.so, but no local disassembler/lifter is available in PATH and no formula was proven."
UIFormBase,YouYou,remove_OnDepthChanged,public void remove_OnDepthChanged(BaseAction<int> value) { },508995,0xED8670,// RVA: 0xED8670 Offset: 0xED8670 VA: 0xED8670,C:\Users\godho\Downloads\girlswar\il2cpp_native\libil2cpp.so,0xED8670,True,e7248abff5e8a807a5f30048b76e3e6121e511dbc98a749def06f213c4b6c50c,f6 57 bd a9 f4 4f 01 a9 fd 7b 02 a9 fd 83 00 91 15 19 01 90 a8 ee 57 39 f3 03 01 aa f4 03 00 aa,native_bytes_available_no_local_disassembler,not_recovered,"dump.cs has RVA/signature only; raw ARM64 bytes can be read from libil2cpp.so, but no local disassembler/lifter is available in PATH and no formula was proven."
UIFormBase,YouYou,Init,"internal void Init(int uiFormId, DTSysUIForm sysUIForm, byte groupId, bool disableUILayer, bool isLock, object userData, BaseAction initComplate) { }",509025,0xED8910,// RVA: 0xED8910 Offset: 0xED8910 VA: 0xED8910,C:\Users\godho\Downloads\girlswar\il2cpp_native\libil2cpp.so,0xED8910,True,15597be50611dbb45f1f5ab6884d048829583f30e54f1e9bcb37376d8e4b4dfe,ff 03 02 d1 fb 13 00 f9 fa 67 03 a9 f8 5f 04 a9 f6 57 05 a9 f4 4f 06 a9 fd 7b 07 a9 fd c3 01 91,native_bytes_available_no_local_disassembler,not_recovered,"dump.cs has RVA/signature only; raw ARM64 bytes can be read from libil2cpp.so, but no local disassembler/lifter is available in PATH and no formula was proven."
UIFormBase,YouYou,OnSetActive,public virtual void OnSetActive(bool open) { },509031,0xED9018,// RVA: 0xED9018 Offset: 0xED9018 VA: 0xED9018 Slot: 4,C:\Users\godho\Downloads\girlswar\il2cpp_native\libil2cpp.so,0xED9018,True,2c39dbb6e2e4a87176543a63a9ebd8cc26779895be96eac3f70fff186d5f2e7c,f4 4f be a9 fd 7b 01 a9 fd 43 00 91 f4 03 01 2a f3 03 00 aa e0 e5 81 52 e1 03 1f aa 50 0f 00 94,native_bytes_available_no_local_disassembler,not_recovered,"dump.cs has RVA/signature only; raw ARM64 bytes can be read from libil2cpp.so, but no local disassembler/lifter is available in PATH and no formula was proven."
UIFormBase,YouYou,Open,"internal void Open(object userData, bool isFromInit = False) { }",509037,0xED8A70,// RVA: 0xED8A70 Offset: 0xED8A70 VA: 0xED8A70,C:\Users\godho\Downloads\girlswar\il2cpp_native\libil2cpp.so,0xED8A70,True,81758d4b396f75616cfc258921d7e818a8466bbe689c33838576a10d5f157dd1,ff 83 01 d1 e9 23 01 6d f7 13 00 f9 f6 57 03 a9 f4 4f 04 a9 fd 7b 05 a9 fd 43 01 91 16 19 01 90,native_bytes_available_no_local_disassembler,not_recovered,"dump.cs has RVA/signature only; raw ARM64 bytes can be read from libil2cpp.so, but no local disassembler/lifter is available in PATH and no formula was proven."
UIFormBase,YouYou,Close,public void Close() { },509043,0xED9350,// RVA: 0xED9350 Offset: 0xED9350 VA: 0xED9350,C:\Users\godho\Downloads\girlswar\il2cpp_native\libil2cpp.so,0xED9350,True,5db66d1cdd3f36616cdb9b79a850c0fbd74d86f917a653c9b53cf7febef595e9,f5 0f 1d f8 f4 4f 01 a9 fd 7b 02 a9 fd 83 00 91 f4 18 01 f0 88 0e 58 39 f3 03 00 aa c8 00 00 37,native_bytes_available_no_local_disassembler,not_recovered,"dump.cs has RVA/signature only; raw ARM64 bytes can be read from libil2cpp.so, but no local disassembler/lifter is available in PATH and no formula was proven."
UIFormBase,YouYou,ToClose2,public void ToClose2() { },509046,0xED9440,// RVA: 0xED9440 Offset: 0xED9440 VA: 0xED9440,C:\Users\godho\Downloads\girlswar\il2cpp_native\libil2cpp.so,0xED9440,True,cec7bbc867e8693450adfc89a408597be479c540d70100d5fc1aa8ec64b4d752,ff 43 01 d1 e8 0b 00 fd f6 57 02 a9 f4 4f 03 a9 fd 7b 04 a9 fd 03 01 91 f4 18 01 f0 88 12 58 39,native_bytes_available_no_local_disassembler,not_recovered,"dump.cs has RVA/signature only; raw ARM64 bytes can be read from libil2cpp.so, but no local disassembler/lifter is available in PATH and no formula was proven."
UIFormBase,YouYou,ToClose,public IEnumerator ToClose() { },509050,0xED9984,// RVA: 0xED9984 Offset: 0xED9984 VA: 0xED9984,C:\Users\godho\Downloads\girlswar\il2cpp_native\libil2cpp.so,0xED9984,True,1e320b776b767acd16663d2d0d71280c880103d9b9f749383112f03bc889ab17,f4 4f be a9 fd 7b 01 a9 fd 43 00 91 f4 18 01 f0 88 16 58 39 f3 03 00 aa c8 00 00 37 00 0a 01 90,native_bytes_available_no_local_disassembler,not_recovered,"dump.cs has RVA/signature only; raw ARM64 bytes can be read from libil2cpp.so, but no local disassembler/lifter is available in PATH and no formula was proven."
UIFormBase,YouYou,OnOpen,protected virtual void OnOpen(object userData) { },509071,0xED9FF0,// RVA: 0xED9FF0 Offset: 0xED9FF0 VA: 0xED9FF0 Slot: 7,C:\Users\godho\Downloads\girlswar\il2cpp_native\libil2cpp.so,0xED9FF0,True,42b143eaa3c4f8040d192f153864503a2ece76be2b697b30e0e4e91d97574c90,f4 4f be a9 fd 7b 01 a9 fd 43 00 91 f3 03 01 aa f4 03 00 aa 80 47 84 52 e1 03 1f aa 5a 0b 00 94,native_bytes_available_no_local_disassembler,not_recovered,"dump.cs has RVA/signature only; raw ARM64 bytes can be read from libil2cpp.so, but no local disassembler/lifter is available in PATH and no formula was proven."
UIFormBase,YouYou,OnClose,protected virtual void OnClose() { },509077,0xEDA0A0,// RVA: 0xEDA0A0 Offset: 0xEDA0A0 VA: 0xEDA0A0 Slot: 9,C:\Users\godho\Downloads\girlswar\il2cpp_native\libil2cpp.so,0xEDA0A0,True,0660ea48235872abf0636e172f16fdb128dd2d545f2a2a05898bab785b9d758e,f3 0f 1e f8 fd 7b 01 a9 fd 43 00 91 f3 03 00 aa e0 47 84 52 e1 03 1f aa 2f 0b 00 94 40 01 00 36,native_bytes_available_no_local_disassembler,not_recovered,"dump.cs has RVA/signature only; raw ARM64 bytes can be read from libil2cpp.so, but no local disassembler/lifter is available in PATH and no formula was proven."
UIGroup,YouYou,ctor,public void .ctor() { },509125,0xDC9D04,// RVA: 0xDC9D04 Offset: 0xDC9D04 VA: 0xDC9D04,C:\Users\godho\Downloads\girlswar\il2cpp_native\libil2cpp.so,0xDC9D04,True,2254691c33d9f9b673c938a1166f57b7c5c1036f386f5182a8e34fa25c6066ce,e1 03 1f aa f0 0d 40 14 e9 23 bc 6d f5 0b 00 f9 f4 4f 02 a9 fd 7b 03 a9 fd c3 00 91 74 21 01 d0,native_bytes_available_no_local_disassembler,not_recovered,"dump.cs has RVA/signature only; raw ARM64 bytes can be read from libil2cpp.so, but no local disassembler/lifter is available in PATH and no formula was proven."
UILayerOld,YouYou,SetSortingOrder,"internal void SetSortingOrder(UIFormBase formBase, bool isAdd) { }",509144,0xDCB278,// RVA: 0xDCB278 Offset: 0xDCB278 VA: 0xDCB278,C:\Users\godho\Downloads\girlswar\il2cpp_native\libil2cpp.so,0xDCB278,True,6dc67876dfa69225fec3aa80d20913c0a5467b48eaf6f21ff5f58d20db945319,ff 03 01 d1 f6 57 01 a9 f4 4f 02 a9 fd 7b 03 a9 fd c3 00 91 76 21 01 b0 c8 06 40 39 f5 03 02 2a,native_bytes_available_no_local_disassembler,not_recovered,"dump.cs has RVA/signature only; raw ARM64 bytes can be read from libil2cpp.so, but no local disassembler/lifter is available in PATH and no formula was proven."
UIManager,YouYou,OpenUIForm,"internal void OpenUIForm(int uiFormId, object userData, BaseAction<UIFormBase> onOpen) { }",509266,0xDCE008,// RVA: 0xDCE008 Offset: 0xDCE008 VA: 0xDCE008,C:\Users\godho\Downloads\girlswar\il2cpp_native\libil2cpp.so,0xDCE008,True,565dee374c4fcfb0e421f1ae240a10c4870b4bad1d2d5cf60a5bc19b3c0923e6,ff 43 03 d1 fc 6f 07 a9 fa 67 08 a9 f8 5f 09 a9 f6 57 0a a9 f4 4f 0b a9 fd 7b 0c a9 fd 03 03 91,native_bytes_available_no_local_disassembler,not_recovered,"dump.cs has RVA/signature only; raw ARM64 bytes can be read from libil2cpp.so, but no local disassembler/lifter is available in PATH and no formula was proven."
UIManager,YouYou,OpenUI,"private void OpenUI(int uiFormId, DTSysUIForm sys_UIForm, object userData, BaseAction<UIFormBase> onOpen) { }",509270,0xDCEAFC,// RVA: 0xDCEAFC Offset: 0xDCEAFC VA: 0xDCEAFC,C:\Users\godho\Downloads\girlswar\il2cpp_native\libil2cpp.so,0xDCEAFC,True,5c242316c2c427912fa05e74978a02716c055b6c1f817118775490e1fa4f5288,ff 03 02 d1 fc 6f 02 a9 fa 67 03 a9 f8 5f 04 a9 f6 57 05 a9 f4 4f 06 a9 fd 7b 07 a9 fd c3 01 91,native_bytes_available_no_local_disassembler,not_recovered,"dump.cs has RVA/signature only; raw ARM64 bytes can be read from libil2cpp.so, but no local disassembler/lifter is available in PATH and no formula was proven."
UIManager,YouYou,OpenUI,"private void OpenUI(DTSysUIForm sys_UIForm, UIFormBase formBase, BaseAction<UIFormBase> onOpen) { }",509277,0xDCFE18,// RVA: 0xDCFE18 Offset: 0xDCFE18 VA: 0xDCFE18,C:\Users\godho\Downloads\girlswar\il2cpp_native\libil2cpp.so,0xDCFE18,True,20254353dce0606cb24dd11009e840ed36bd8d59692d3de364b29e8a1c6a1eb0,ff 43 01 d1 f8 5f 01 a9 f6 57 02 a9 f4 4f 03 a9 fd 7b 04 a9 fd 03 01 91 58 21 01 b0 08 57 40 39,native_bytes_available_no_local_disassembler,not_recovered,"dump.cs has RVA/signature only; raw ARM64 bytes can be read from libil2cpp.so, but no local disassembler/lifter is available in PATH and no formula was proven."
UIManager,YouYou,YieldCloseUIForm,private IEnumerator YieldCloseUIForm(UIFormBase formBase) { },509347,0xDD181C,// RVA: 0xDD181C Offset: 0xDD181C VA: 0xDD181C,C:\Users\godho\Downloads\girlswar\il2cpp_native\libil2cpp.so,0xDD181C,True,bbf221f9e6c73122baf9fc464b602df1b7607b2169810762e8cc5732527d0d81,f5 0f 1d f8 f4 4f 01 a9 fd 7b 02 a9 fd 83 00 91 35 21 01 f0 a8 ae 40 39 f3 03 01 aa f4 03 00 aa,native_bytes_available_no_local_disassembler,not_recovered,"dump.cs has RVA/signature only; raw ARM64 bytes can be read from libil2cpp.so, but no local disassembler/lifter is available in PATH and no formula was proven."
UISpineCtr,YouYou,Awake,private void Awake() { },515238,0xDD8800,// RVA: 0xDD8800 Offset: 0xDD8800 VA: 0xDD8800,C:\Users\godho\Downloads\girlswar\il2cpp_native\libil2cpp.so,0xDD8800,True,8f202bbaf7bc2e50cd2f3281c40e3a8841b5a767ef12221f97630ce64278642c,f4 4f be a9 fd 7b 01 a9 fd 43 00 91 14 21 01 90 88 86 41 39 f3 03 00 aa c8 00 00 37 60 12 01 d0,native_bytes_available_no_local_disassembler,not_recovered,"dump.cs has RVA/signature only; raw ARM64 bytes can be read from libil2cpp.so, but no local disassembler/lifter is available in PATH and no formula was proven."
UISpineCtr,YouYou,SetTimeScale,public void SetTimeScale(float timeScale) { },515241,0xDD888C,// RVA: 0xDD888C Offset: 0xDD888C VA: 0xDD888C,C:\Users\godho\Downloads\girlswar\il2cpp_native\libil2cpp.so,0xDD888C,True,c5b172b81f562765be6ccc1ef8feba62578f7ca9a8aba4b6ee037dbf48a00332,e8 0f 1e fc f3 07 00 f9 fd 7b 01 a9 fd 43 00 91 f3 03 00 aa a0 08 83 52 e1 03 1f aa 08 1c a0 4e,native_bytes_available_no_local_disassembler,not_recovered,"dump.cs has RVA/signature only; raw ARM64 bytes can be read from libil2cpp.so, but no local disassembler/lifter is available in PATH and no formula was proven."
UISpineCtr,YouYou,SetToSetupPose,public void SetToSetupPose() { },515244,0xDD8900,// RVA: 0xDD8900 Offset: 0xDD8900 VA: 0xDD8900,C:\Users\godho\Downloads\girlswar\il2cpp_native\libil2cpp.so,0xDD8900,True,63157c0f71085b503c39806084f60c36a722687bbafa26f444c3573de3e6e62b,f4 4f be a9 fd 7b 01 a9 fd 43 00 91 14 21 01 90 88 8a 41 39 f3 03 00 aa c8 00 00 37 a0 12 01 90,native_bytes_available_no_local_disassembler,not_recovered,"dump.cs has RVA/signature only; raw ARM64 bytes can be read from libil2cpp.so, but no local disassembler/lifter is available in PATH and no formula was proven."
UISpineCtr,YouYou,ClearTracks,public void ClearTracks() { },515247,0xDD89E4,// RVA: 0xDD89E4 Offset: 0xDD89E4 VA: 0xDD89E4,C:\Users\godho\Downloads\girlswar\il2cpp_native\libil2cpp.so,0xDD89E4,True,7370ec0a7d7bace1c1418d3b0eb46c3fab9715e25023457a6bb1d4e8e08381f6,f4 4f be a9 fd 7b 01 a9 fd 43 00 91 14 21 01 90 88 8e 41 39 f3 03 00 aa c8 00 00 37 a0 12 01 90,native_bytes_available_no_local_disassembler,not_recovered,"dump.cs has RVA/signature only; raw ARM64 bytes can be read from libil2cpp.so, but no local disassembler/lifter is available in PATH and no formula was proven."
UISpineCtr,YouYou,ClearComplete,public void ClearComplete() { },515250,0xDD8AC8,// RVA: 0xDD8AC8 Offset: 0xDD8AC8 VA: 0xDD8AC8,C:\Users\godho\Downloads\girlswar\il2cpp_native\libil2cpp.so,0xDD8AC8,True,2ecabaefeb0e4552ca40716c9afb49d9417094fc8ce97c2ab69865824bdf9edd,f4 4f be a9 fd 7b 01 a9 fd 43 00 91 14 21 01 90 88 92 41 39 f3 03 00 aa c8 00 00 37 a0 12 01 90,native_bytes_available_no_local_disassembler,not_recovered,"dump.cs has RVA/signature only; raw ARM64 bytes can be read from libil2cpp.so, but no local disassembler/lifter is available in PATH and no formula was proven."
UISpineCtr,YouYou,PlayAnimation,"public void PlayAnimation(int trackIndex, string animName, bool loop, LuaFunction func, LuaFunction eventFunc) { }",515253,0xDD8D70,// RVA: 0xDD8D70 Offset: 0xDD8D70 VA: 0xDD8D70,C:\Users\godho\Downloads\girlswar\il2cpp_native\libil2cpp.so,0xDD8D70,True,3954738959cecc96d86ccf0e728962627f714d615fdb52f6a6ec8c3116491481,fa 67 bb a9 f8 5f 01 a9 f6 57 02 a9 f4 4f 03 a9 fd 7b 04 a9 fd 03 01 91 19 21 01 90 28 97 41 39,native_bytes_available_no_local_disassembler,not_recovered,"dump.cs has RVA/signature only; raw ARM64 bytes can be read from libil2cpp.so, but no local disassembler/lifter is available in PATH and no formula was proven."
UISpineCtr,YouYou,AddAnimation,"public void AddAnimation(int trackIndex, string animationName, bool loop, float delay) { }",515256,0xDD9044,// RVA: 0xDD9044 Offset: 0xDD9044 VA: 0xDD9044,C:\Users\godho\Downloads\girlswar\il2cpp_native\libil2cpp.so,0xDD9044,True,02ad6876f93c544ccb3a2e7c68456a908c2d538a0776f1e3e266101c6a3b6b65,e8 0f 1c fc f7 07 00 f9 f6 57 01 a9 f4 4f 02 a9 fd 7b 03 a9 fd c3 00 91 f7 20 01 f0 e8 9a 41 39,native_bytes_available_no_local_disassembler,not_recovered,"dump.cs has RVA/signature only; raw ARM64 bytes can be read from libil2cpp.so, but no local disassembler/lifter is available in PATH and no formula was proven."
UISpineCtr,YouYou,PlayAnimation2,"public void PlayAnimation2(int trackIndex, string animName, bool loop, Action<string> func) { }",515259,0xDD9188,// RVA: 0xDD9188 Offset: 0xDD9188 VA: 0xDD9188,C:\Users\godho\Downloads\girlswar\il2cpp_native\libil2cpp.so,0xDD9188,True,9f8dc314d3d25f45241a83f89155587887d245ac7d6b220dc0c89a2dc586c2c0,f9 0f 1b f8 f8 5f 01 a9 f6 57 02 a9 f4 4f 03 a9 fd 7b 04 a9 fd 03 01 91 f8 20 01 f0 08 9f 41 39,native_bytes_available_no_local_disassembler,not_recovered,"dump.cs has RVA/signature only; raw ARM64 bytes can be read from libil2cpp.so, but no local disassembler/lifter is available in PATH and no formula was proven."
UISpineCtr,YouYou,StopAnimation,"public void StopAnimation(int trackIndex, float mixDuration) { }",515262,0xDD93E0,// RVA: 0xDD93E0 Offset: 0xDD93E0 VA: 0xDD93E0,C:\Users\godho\Downloads\girlswar\il2cpp_native\libil2cpp.so,0xDD93E0,True,9b498e8882a9accc20d18d878b55c4b489122b906145b4b948d9bba15ba3848d,e8 0f 1d fc f5 07 00 f9 f4 4f 01 a9 fd 7b 02 a9 fd 83 00 91 f5 20 01 f0 a8 a2 41 39 08 1c a0 4e,native_bytes_available_no_local_disassembler,not_recovered,"dump.cs has RVA/signature only; raw ARM64 bytes can be read from libil2cpp.so, but no local disassembler/lifter is available in PATH and no formula was proven."
UISpineCtr,YouYou,SetAlpha,"public void SetAlpha(float value, float time) { }",515265,0xDD8B8C,// RVA: 0xDD8B8C Offset: 0xDD8B8C VA: 0xDD8B8C,C:\Users\godho\Downloads\girlswar\il2cpp_native\libil2cpp.so,0xDD8B8C,True,a26e6acf0d31361690cfcb3ab37c7de575bc491b8ef9a8b2f4d4935edf3052a5,ea 0f 1c fc e9 a3 00 6d f5 0f 00 f9 f4 4f 02 a9 fd 7b 03 a9 fd c3 00 91 14 21 01 90 88 a6 41 39,native_bytes_available_no_local_disassembler,not_recovered,"dump.cs has RVA/signature only; raw ARM64 bytes can be read from libil2cpp.so, but no local disassembler/lifter is available in PATH and no formula was proven."
UISpineCtr,YouYou,SetOpacity,public void SetOpacity(float opacity) { },515268,0xDD9560,// RVA: 0xDD9560 Offset: 0xDD9560 VA: 0xDD9560,C:\Users\godho\Downloads\girlswar\il2cpp_native\libil2cpp.so,0xDD9560,True,6b164bc1acc999ae991df72f98907c4b4683f16fbd40665f789bf838fb5feecb,ff 03 01 d1 e8 0b 00 fd f4 4f 02 a9 fd 7b 03 a9 fd c3 00 91 f4 20 01 f0 88 aa 41 39 08 1c a0 4e,native_bytes_available_no_local_disassembler,not_recovered,"dump.cs has RVA/signature only; raw ARM64 bytes can be read from libil2cpp.so, but no local disassembler/lifter is available in PATH and no formula was proven."
UISpineCtr,YouYou,GetCurrentName,public string GetCurrentName(int trackIndex) { },515271,0xDD967C,// RVA: 0xDD967C Offset: 0xDD967C VA: 0xDD967C,C:\Users\godho\Downloads\girlswar\il2cpp_native\libil2cpp.so,0xDD967C,True,e0820258b3ec4750bbd57e324a0d38f7302df3e29bdd7e1a6966451306f91bca,f5 0f 1d f8 f4 4f 01 a9 fd 7b 02 a9 fd 83 00 91 f5 20 01 f0 a8 ae 41 39 f3 03 01 2a f4 03 00 aa,native_bytes_available_no_local_disassembler,not_recovered,"dump.cs has RVA/signature only; raw ARM64 bytes can be read from libil2cpp.so, but no local disassembler/lifter is available in PATH and no formula was proven."
UISpineCtr,YouYou,SetAnimSkipDelta,"public void SetAnimSkipDelta(float delta, int trackIndex) { }",515274,0xDD979C,// RVA: 0xDD979C Offset: 0xDD979C VA: 0xDD979C,C:\Users\godho\Downloads\girlswar\il2cpp_native\libil2cpp.so,0xDD979C,True,3727edd4133b2867240a44143030a5a75f976594dbfb3803dd6d54f1843069b2,e8 0f 1d fc f5 07 00 f9 f4 4f 01 a9 fd 7b 02 a9 fd 83 00 91 f5 20 01 f0 a8 b2 41 39 f4 03 01 2a,native_bytes_available_no_local_disassembler,not_recovered,"dump.cs has RVA/signature only; raw ARM64 bytes can be read from libil2cpp.so, but no local disassembler/lifter is available in PATH and no formula was proven."
UISpineCtr,YouYou,SetSkipByPass,public void SetSkipByPass(bool isSkip) { },515277,0xDD98D4,// RVA: 0xDD98D4 Offset: 0xDD98D4 VA: 0xDD98D4,C:\Users\godho\Downloads\girlswar\il2cpp_native\libil2cpp.so,0xDD98D4,True,3dc74bf815799a77478a6a207d4fff10a392193cb78cf6abae3fc566c3cceed6,f5 0f 1d f8 f4 4f 01 a9 fd 7b 02 a9 fd 83 00 91 f5 20 01 f0 a8 b6 41 39 f3 03 01 2a f4 03 00 aa,native_bytes_available_no_local_disassembler,not_recovered,"dump.cs has RVA/signature only; raw ARM64 bytes can be read from libil2cpp.so, but no local disassembler/lifter is available in PATH and no formula was proven."
UISpineCtr,YouYou,OnDestroy,private void OnDestroy() { },515280,0xDD99A4,// RVA: 0xDD99A4 Offset: 0xDD99A4 VA: 0xDD99A4,C:\Users\godho\Downloads\girlswar\il2cpp_native\libil2cpp.so,0xDD99A4,True,94bb2e25db21eeaf71716d4561b21e8876d5742900781ba976ff668f81d3c7d8,f5 0f 1d f8 f4 4f 01 a9 fd 7b 02 a9 fd 83 00 91 f4 20 01 f0 88 ba 41 39 f3 03 00 aa c8 00 00 37,native_bytes_available_no_local_disassembler,not_recovered,"dump.cs has RVA/signature only; raw ARM64 bytes can be read from libil2cpp.so, but no local disassembler/lifter is available in PATH and no formula was proven."
