sourceBundle,sourceBundlePath,buttonComponentPathId,buttonGameObjectPathId,buttonScriptPathId,buttonFullName,originalButtonPath,buttonSuffix,targetGraphicRef,targetComponentPathId,targetGameObjectPathId,targetFullName,targetScriptPathId,originalTargetPath,targetSuffix,targetRaycastTarget,targetColor,targetSpriteRef,targetMaterialRef,buttonSizeDelta,buttonAnchoredPosition,buttonAnchorMin,buttonAnchorMax,buttonPivot,targetSizeDelta,targetAnchoredPosition,targetAnchorMin,targetAnchorMax,targetPivot,patchEligible,evidence
download/ui/uiprefabandres/battle_ext_prefabs.assetbundle,C:\Users\godho\Downloads\girlswar\girlswar_merged_extracted\extracted\unity\clean_unityfs_slices\download\ui\uiprefabandres\battle_ext_prefabs.assetbundle,1657226068032990588,-6581597749769498066,-787143586316466668,UnityEngine.UI.Button,UI_Battle3DUI/root_battle/UI_BattleBoxPage/pop_Content/box_item/btn_box,root_battle/UI_BattleBoxPage/pop_Content/box_item/btn_box,0:-4520102344517242134,-4520102344517242134,-6581597749769498066,UnityEngine.UI.Image,-7030229213176759517,UI_Battle3DUI/root_battle/UI_BattleBoxPage/pop_Content/box_item/btn_box,root_battle/UI_BattleBoxPage/pop_Content/box_item/btn_box,1,1.000/1.000/1.000/0.000,6:6617065208850742552,0:0,80.000/80.000,0.000/0.000,0.500/0.500,0.500/0.500,0.500/0.500,80.000/80.000,0.000/0.000,0.500/0.500,0.500/0.500,0.500/0.500,true,original MonoBehaviour Button m_TargetGraphic PPtr from battle_ext_prefabs
download/ui/uiprefabandres/battle_ext_prefabs.assetbundle,C:\Users\godho\Downloads\girlswar\girlswar_merged_extracted\extracted\unity\clean_unityfs_slices\download\ui\uiprefabandres\battle_ext_prefabs.assetbundle,1808505248646499387,7787724353074970302,-787143586316466668,UnityEngine.UI.Button,UI_BattleBoxPage/pop_Content/box_item/btn_box,root_battle/UI_BattleBoxPage/pop_Content/box_item/btn_box,0:8687634322255240727,8687634322255240727,7787724353074970302,UnityEngine.UI.Image,-7030229213176759517,UI_BattleBoxPage/pop_Content/box_item/btn_box,root_battle/UI_BattleBoxPage/pop_Content/box_item/btn_box,1,1.000/1.000/1.000/0.000,6:6617065208850742552,0:0,80.000/80.000,0.000/0.000,0.500/0.500,0.500/0.500,0.500/0.500,80.000/80.000,0.000/0.000,0.500/0.500,0.500/0.500,0.500/0.500,false,original MonoBehaviour Button m_TargetGraphic PPtr from battle_ext_prefabs
download/ui/uiprefabandres/battle_ext_prefabs.assetbundle,C:\Users\godho\Downloads\girlswar\girlswar_merged_extracted\extracted\unity\clean_unityfs_slices\download\ui\uiprefabandres\battle_ext_prefabs.assetbundle,-1250069786017346499,1597260868929727977,-787143586316466668,UnityEngine.UI.Button,UI_BattleItemFly/root_item/itemCell76/btn_icon,UI_BattleItemFly/root_item/itemCell76/btn_icon,0:1034466598964245833,1034466598964245833,1597260868929727977,UnityEngine.UI.Image,-7030229213176759517,UI_BattleItemFly/root_item/itemCell76/btn_icon,UI_BattleItemFly/root_item/itemCell76/btn_icon,1,1.000/1.000/1.000/0.000,0:0,0:0,90.000/92.000,0.000/0.000,0.500/0.500,0.500/0.500,0.500/0.500,90.000/92.000,0.000/0.000,0.500/0.500,0.500/0.500,0.500/0.500,false,original MonoBehaviour Button m_TargetGraphic PPtr from battle_ext_prefabs
download/ui/uiprefabandres/battle_ext_prefabs.assetbundle,C:\Users\godho\Downloads\girlswar\girlswar_merged_extracted\extracted\unity\clean_unityfs_slices\download\ui\uiprefabandres\battle_ext_prefabs.assetbundle,-2045336433968031077,1965964410971715638,-787143586316466668,UnityEngine.UI.Button,UI_BattleItemFly/root_item/itemCell76/btn_item_seach,UI_BattleItemFly/root_item/itemCell76/btn_item_seach,0:7198644962613423644,7198644962613423644,1965964410971715638,UnityEngine.UI.Image,-7030229213176759517,UI_BattleItemFly/root_item/itemCell76/btn_item_seach,UI_BattleItemFly/root_item/itemCell76/btn_item_seach,1,1.000/1.000/1.000/1.000,6:-5862618822027723571,0:0,29.000/29.000,34.900/34.600,0.500/0.500,0.500/0.500,0.500/0.500,29.000/29.000,34.900/34.600,0.500/0.500,0.500/0.500,0.500/0.500,false,original MonoBehaviour Button m_TargetGraphic PPtr from battle_ext_prefabs
download/ui/uiprefabandres/battle_ext_prefabs.assetbundle,C:\Users\godho\Downloads\girlswar\girlswar_merged_extracted\extracted\unity\clean_unityfs_slices\download\ui\uiprefabandres\battle_ext_prefabs.assetbundle,6579181547027122408,-3963883386454400230,-787143586316466668,UnityEngine.UI.Button,UI_BattleItemFly/root_item/itemCell76/btn_jian,UI_BattleItemFly/root_item/itemCell76/btn_jian,0:9071982692227706213,9071982692227706213,-3963883386454400230,UnityEngine.UI.Image,-7030229213176759517,UI_BattleItemFly/root_item/itemCell76/btn_jian,UI_BattleItemFly/root_item/itemCell76/btn_jian,1,1.000/1.000/1.000/0.000,0:38861690050489314,0:0,76.000/76.000,0.000/0.000,0.500/0.500,0.500/0.500,0.500/0.500,76.000/76.000,0.000/0.000,0.500/0.500,0.500/0.500,0.500/0.500,false,original MonoBehaviour Button m_TargetGraphic PPtr from battle_ext_prefabs
download/ui/uiprefabandres/battle_ext_prefabs.assetbundle,C:\Users\godho\Downloads\girlswar\girlswar_merged_extracted\extracted\unity\clean_unityfs_slices\download\ui\uiprefabandres\battle_ext_prefabs.assetbundle,-4321019070122475660,3648868978268624805,-787143586316466668,UnityEngine.UI.Button,UI_BattlePreviewTalk/bgBtn/Image,UI_BattlePreviewTalk/bgBtn/Image,0:-8370083516710168744,-8370083516710168744,3648868978268624805,UnityEngine.UI.Image,-7030229213176759517,UI_BattlePreviewTalk/bgBtn/Image,UI_BattlePreviewTalk/bgBtn/Image,1,1.000/1.000/1.000/0.000,0:0,0:0,2500.000/2000.000,0.000/0.000,0.500/0.500,0.500/0.500,0.500/0.500,2500.000/2000.000,0.000/0.000,0.500/0.500,0.500/0.500,0.500/0.500,false,original MonoBehaviour Button m_TargetGraphic PPtr from battle_ext_prefabs
download/ui/uiprefabandres/battle_ext_prefabs.assetbundle,C:\Users\godho\Downloads\girlswar\girlswar_merged_extracted\extracted\unity\clean_unityfs_slices\download\ui\uiprefabandres\battle_ext_prefabs.assetbundle,6762227332049985569,-4802641048419693648,-787143586316466668,UnityEngine.UI.Button,UI_BattlePreviewTalk/btn_battle_preview_skip,UI_BattlePreviewTalk/btn_battle_preview_skip,0:-4570824064047230301,-4570824064047230301,-4802641048419693648,UnityEngine.UI.Image,-7030229213176759517,UI_BattlePreviewTalk/btn_battle_preview_skip,UI_BattlePreviewTalk/btn_battle_preview_skip,1,1.000/1.000/1.000/1.000,31:-5850754773779897328,0:0,42.000/42.000,-61.000/278.000,1.000/0.500,1.000/0.500,0.500/0.500,42.000/42.000,-61.000/278.000,1.000/0.500,1.000/0.500,0.500/0.500,false,original MonoBehaviour Button m_TargetGraphic PPtr from battle_ext_prefabs
download/ui/uiprefabandres/battle_ext_prefabs.assetbundle,C:\Users\godho\Downloads\girlswar\girlswar_merged_extracted\extracted\unity\clean_unityfs_slices\download\ui\uiprefabandres\battle_ext_prefabs.assetbundle,2498288838079079566,5380526761134903490,-787143586316466668,UnityEngine.UI.Button,UI_BattlePreviewTalk/p_root/btn_next,UI_BattlePreviewTalk/p_root/btn_next,0:-86737477359949776,-86737477359949776,5380526761134903490,UnityEngine.UI.Image,-7030229213176759517,UI_BattlePreviewTalk/p_root/btn_next,UI_BattlePreviewTalk/p_root/btn_next,1,1.000/1.000/1.000/0.000,0:0,0:0,2500.000/2000.000,0.000/0.000,0.500/0.500,0.500/0.500,0.500/0.500,2500.000/2000.000,0.000/0.000,0.500/0.500,0.500/0.500,0.500/0.500,false,original MonoBehaviour Button m_TargetGraphic PPtr from battle_ext_prefabs
download/ui/uiprefabandres/battle_ext_prefabs.assetbundle,C:\Users\godho\Downloads\girlswar\girlswar_merged_extracted\extracted\unity\clean_unityfs_slices\download\ui\uiprefabandres\battle_ext_prefabs.assetbundle,-1753574523016207235,-6204761922383632592,-787143586316466668,UnityEngine.UI.Button,UI_NormalBattle/btn_battle_preview_skip,btn_battle_preview_skip,0:6659074607479796370,6659074607479796370,-6204761922383632592,UnityEngine.UI.Image,-7030229213176759517,UI_NormalBattle/btn_battle_preview_skip,btn_battle_preview_skip,1,1.000/1.000/1.000/1.000,31:-5850754773779897328,0:0,42.000/42.000,-61.000/278.000,1.000/0.500,1.000/0.500,0.500/0.500,42.000/42.000,-61.000/278.000,1.000/0.500,1.000/0.500,0.500/0.500,true,original MonoBehaviour Button m_TargetGraphic PPtr from battle_ext_prefabs
download/ui/uiprefabandres/battle_ext_prefabs.assetbundle,C:\Users\godho\Downloads\girlswar\girlswar_merged_extracted\extracted\unity\clean_unityfs_slices\download\ui\uiprefabandres\battle_ext_prefabs.assetbundle,-5589687183014614586,8146223802809197061,-787143586316466668,UnityEngine.UI.Button,UI_NormalBattle/btn_preivew_touch,btn_preivew_touch,0:-6999585977917270645,-6999585977917270645,8146223802809197061,UnityEngine.UI.Image,-7030229213176759517,UI_NormalBattle/btn_preivew_touch,btn_preivew_touch,1,1.000/1.000/1.000/0.000,6:6617065208850742552,0:0,2500.000/2000.000,0.000/0.000,0.500/0.500,0.500/0.500,0.500/0.500,2500.000/2000.000,0.000/0.000,0.500/0.500,0.500/0.500,0.500/0.500,true,original MonoBehaviour Button m_TargetGraphic PPtr from battle_ext_prefabs
download/ui/uiprefabandres/battle_ext_prefabs.assetbundle,C:\Users\godho\Downloads\girlswar\girlswar_merged_extracted\extracted\unity\clean_unityfs_slices\download\ui\uiprefabandres\battle_ext_prefabs.assetbundle,-5837586146717613055,-3211728195852475654,-787143586316466668,UnityEngine.UI.Button,UI_NormalBattle/root_battle/UI_BattleItemFly/root_item/itemCell76/btn_icon,root_battle/UI_BattleItemFly/root_item/itemCell76/btn_icon,0:-4357727614158106318,-4357727614158106318,-3211728195852475654,UnityEngine.UI.Image,-7030229213176759517,UI_NormalBattle/root_battle/UI_BattleItemFly/root_item/itemCell76/btn_icon,root_battle/UI_BattleItemFly/root_item/itemCell76/btn_icon,1,1.000/1.000/1.000/0.000,0:0,0:0,90.000/92.000,0.000/0.000,0.500/0.500,0.500/0.500,0.500/0.500,90.000/92.000,0.000/0.000,0.500/0.500,0.500/0.500,0.500/0.500,true,original MonoBehaviour Button m_TargetGraphic PPtr from battle_ext_prefabs
download/ui/uiprefabandres/battle_ext_prefabs.assetbundle,C:\Users\godho\Downloads\girlswar\girlswar_merged_extracted\extracted\unity\clean_unityfs_slices\download\ui\uiprefabandres\battle_ext_prefabs.assetbundle,-8726526249202430205,7914487146749564018,-787143586316466668,UnityEngine.UI.Button,UI_NormalBattle/root_battle/UI_BattleItemFly/root_item/itemCell76/btn_item_seach,root_battle/UI_BattleItemFly/root_item/itemCell76/btn_item_seach,0:1242523710374924510,1242523710374924510,7914487146749564018,UnityEngine.UI.Image,-7030229213176759517,UI_NormalBattle/root_battle/UI_BattleItemFly/root_item/itemCell76/btn_item_seach,root_battle/UI_BattleItemFly/root_item/itemCell76/btn_item_seach,1,1.000/1.000/1.000/1.000,6:-5862618822027723571,0:0,29.000/29.000,34.900/34.600,0.500/0.500,0.500/0.500,0.500/0.500,29.000/29.000,34.900/34.600,0.500/0.500,0.500/0.500,0.500/0.500,true,original MonoBehaviour Button m_TargetGraphic PPtr from battle_ext_prefabs
download/ui/uiprefabandres/battle_ext_prefabs.assetbundle,C:\Users\godho\Downloads\girlswar\girlswar_merged_extracted\extracted\unity\clean_unityfs_slices\download\ui\uiprefabandres\battle_ext_prefabs.assetbundle,8904493844586161393,8081881472641377790,-787143586316466668,UnityEngine.UI.Button,UI_NormalBattle/root_battle/UI_BattleItemFly/root_item/itemCell76/btn_jian,root_battle/UI_BattleItemFly/root_item/itemCell76/btn_jian,0:-2870195029538695219,-2870195029538695219,8081881472641377790,UnityEngine.UI.Image,-7030229213176759517,UI_NormalBattle/root_battle/UI_BattleItemFly/root_item/itemCell76/btn_jian,root_battle/UI_BattleItemFly/root_item/itemCell76/btn_jian,1,1.000/1.000/1.000/0.000,0:38861690050489314,0:0,76.000/76.000,0.000/0.000,0.500/0.500,0.500/0.500,0.500/0.500,76.000/76.000,0.000/0.000,0.500/0.500,0.500/0.500,0.500/0.500,true,original MonoBehaviour Button m_TargetGraphic PPtr from battle_ext_prefabs
download/ui/uiprefabandres/battle_ext_prefabs.assetbundle,C:\Users\godho\Downloads\girlswar\girlswar_merged_extracted\extracted\unity\clean_unityfs_slices\download\ui\uiprefabandres\battle_ext_prefabs.assetbundle,2637306058392801210,8211834688704653311,-787143586316466668,UnityEngine.UI.Button,UI_NormalBattle/root_battle/btn_Explosive_All,root_battle/btn_Explosive_All,0:752055561264960527,752055561264960527,8211834688704653311,UnityEngine.UI.Image,-7030229213176759517,UI_NormalBattle/root_battle/btn_Explosive_All,root_battle/btn_Explosive_All,1,1.000/1.000/1.000/1.000,2:-7074598366668836248,0:0,86.000/89.000,-442.000/-240.000,0.500/0.500,0.500/0.500,0.500/0.500,86.000/89.000,-442.000/-240.000,0.500/0.500,0.500/0.500,0.500/0.500,true,original MonoBehaviour Button m_TargetGraphic PPtr from battle_ext_prefabs
download/ui/uiprefabandres/battle_ext_prefabs.assetbundle,C:\Users\godho\Downloads\girlswar\girlswar_merged_extracted\extracted\unity\clean_unityfs_slices\download\ui\uiprefabandres\battle_ext_prefabs.assetbundle,-4274887068982472903,4590428326748754876,-787143586316466668,UnityEngine.UI.Button,UI_NormalBattle/root_battle/btn_Explosive_Cancel,root_battle/btn_Explosive_Cancel,0:5191797893382444600,5191797893382444600,4590428326748754876,UnityEngine.UI.Image,-7030229213176759517,UI_NormalBattle/root_battle/btn_Explosive_Cancel,root_battle/btn_Explosive_Cancel,1,1.000/1.000/1.000/1.000,31:8567226860985364068,0:0,82.000/35.000,-440.000/-310.500,0.500/0.500,0.500/0.500,0.500/0.500,82.000/35.000,-440.000/-310.500,0.500/0.500,0.500/0.500,0.500/0.500,true,original MonoBehaviour Button m_TargetGraphic PPtr from battle_ext_prefabs
download/ui/uiprefabandres/battle_ext_prefabs.assetbundle,C:\Users\godho\Downloads\girlswar\girlswar_merged_extracted\extracted\unity\clean_unityfs_slices\download\ui\uiprefabandres\battle_ext_prefabs.assetbundle,-8167327256639582268,5697274216737575030,-787143586316466668,UnityEngine.UI.Button,UI_NormalBattle/root_battle/btnhelp,root_battle/btnhelp,0:-3654988624662608736,-3654988624662608736,5697274216737575030,UnityEngine.UI.Empty4Raycast,-2324043793906593294,UI_NormalBattle/root_battle/btnhelp,root_battle/btnhelp,1,1.000/1.000/1.000/1.000,0:0,0:0,101.000/43.000,668.000/317.000,1.000/0.500,1.000/0.500,0.500/0.500,101.000/43.000,668.000/317.000,1.000/0.500,1.000/0.500,0.500/0.500,true,original MonoBehaviour Button m_TargetGraphic PPtr from battle_ext_prefabs
download/ui/uiprefabandres/battle_ext_prefabs.assetbundle,C:\Users\godho\Downloads\girlswar\girlswar_merged_extracted\extracted\unity\clean_unityfs_slices\download\ui\uiprefabandres\battle_ext_prefabs.assetbundle,3419645357457764377,-5436781887833331713,-787143586316466668,UnityEngine.UI.Button,UI_NormalBattle/root_battle/cizhui_group/btn_arrow,root_battle/cizhui_group/btn_arrow,0:1582931434948644280,1582931434948644280,-5436781887833331713,YouYou.YouYouImage,1242602534869556086,UI_NormalBattle/root_battle/cizhui_group/btn_arrow,root_battle/cizhui_group/btn_arrow,1,1.000/1.000/1.000/1.000,39:-3499988007078409687,0:0,40.000/35.000,-75.700/72.000,0.500/0.500,0.500/0.500,0.500/0.500,40.000/35.000,-75.700/72.000,0.500/0.500,0.500/0.500,0.500/0.500,true,original MonoBehaviour Button m_TargetGraphic PPtr from battle_ext_prefabs
download/ui/uiprefabandres/battle_ext_prefabs.assetbundle,C:\Users\godho\Downloads\girlswar\girlswar_merged_extracted\extracted\unity\clean_unityfs_slices\download\ui\uiprefabandres\battle_ext_prefabs.assetbundle,-6617282970448855829,3523617101246731137,-787143586316466668,UnityEngine.UI.Button,UI_NormalBattle/root_battle/cizhui_group/btn_arrowbg,root_battle/cizhui_group/btn_arrowbg,0:-1359155509968632213,-1359155509968632213,3523617101246731137,UnityEngine.UI.Empty4Raycast,-2324043793906593294,UI_NormalBattle/root_battle/cizhui_group/btn_arrowbg,root_battle/cizhui_group/btn_arrowbg,1,1.000/1.000/1.000/1.000,0:0,0:0,220.000/80.000,-75.700/46.900,0.500/0.500,0.500/0.500,0.500/0.500,220.000/80.000,-75.700/46.900,0.500/0.500,0.500/0.500,0.500/0.500,true,original MonoBehaviour Button m_TargetGraphic PPtr from battle_ext_prefabs
download/ui/uiprefabandres/battle_ext_prefabs.assetbundle,C:\Users\godho\Downloads\girlswar\girlswar_merged_extracted\extracted\unity\clean_unityfs_slices\download\ui\uiprefabandres\battle_ext_prefabs.assetbundle,-9169268295015807473,8688010253657746694,-787143586316466668,UnityEngine.UI.Button,UI_NormalBattle/root_battle/guideBattlejihuo,root_battle/guideBattlejihuo,0:1130089223968928240,1130089223968928240,8688010253657746694,UnityEngine.UI.Empty4Raycast,-2324043793906593294,UI_NormalBattle/root_battle/guideBattlejihuo,root_battle/guideBattlejihuo,1,1.000/1.000/1.000/1.000,0:0,0:0,100.000/200.000,149.000/-132.000,0.500/0.500,0.500/0.500,0.500/0.500,100.000/200.000,149.000/-132.000,0.500/0.500,0.500/0.500,0.500/0.500,true,original MonoBehaviour Button m_TargetGraphic PPtr from battle_ext_prefabs
download/ui/uiprefabandres/battle_ext_prefabs.assetbundle,C:\Users\godho\Downloads\girlswar\girlswar_merged_extracted\extracted\unity\clean_unityfs_slices\download\ui\uiprefabandres\battle_ext_prefabs.assetbundle,4071616554791821277,2807535525209383960,-787143586316466668,UnityEngine.UI.Button,UI_NormalBattle/root_opra/btnAuto,root_opra/btnAuto,0:-5730111420001720788,-5730111420001720788,2807535525209383960,UnityEngine.UI.Empty4Raycast,-2324043793906593294,UI_NormalBattle/root_opra/btnAuto,root_opra/btnAuto,1,1.000/1.000/1.000/1.000,0:0,0:0,101.000/43.000,-62.000/160.000,1.000/0.500,1.000/0.500,0.500/0.500,101.000/43.000,-62.000/160.000,1.000/0.500,1.000/0.500,0.500/0.500,true,original MonoBehaviour Button m_TargetGraphic PPtr from battle_ext_prefabs
download/ui/uiprefabandres/battle_ext_prefabs.assetbundle,C:\Users\godho\Downloads\girlswar\girlswar_merged_extracted\extracted\unity\clean_unityfs_slices\download\ui\uiprefabandres\battle_ext_prefabs.assetbundle,7023864240174163877,5266716129565880121,-787143586316466668,UnityEngine.UI.Button,UI_NormalBattle/root_opra/btnBuff,root_opra/btnBuff,0:5123930090598448770,5123930090598448770,5266716129565880121,UnityEngine.UI.Empty4Raycast,-2324043793906593294,UI_NormalBattle/root_opra/btnBuff,root_opra/btnBuff,1,1.000/1.000/1.000/1.000,0:0,0:0,101.000/43.000,-62.000/250.000,1.000/0.500,1.000/0.500,0.500/0.500,101.000/43.000,-62.000/250.000,1.000/0.500,1.000/0.500,0.500/0.500,true,original MonoBehaviour Button m_TargetGraphic PPtr from battle_ext_prefabs
download/ui/uiprefabandres/battle_ext_prefabs.assetbundle,C:\Users\godho\Downloads\girlswar\girlswar_merged_extracted\extracted\unity\clean_unityfs_slices\download\ui\uiprefabandres\battle_ext_prefabs.assetbundle,1753856061559965106,5499775656847867690,-787143586316466668,UnityEngine.UI.Button,UI_NormalBattle/root_opra/btnFastSkill,root_opra/btnFastSkill,0:1511164893913660683,1511164893913660683,5499775656847867690,UnityEngine.UI.Empty4Raycast,-2324043793906593294,UI_NormalBattle/root_opra/btnFastSkill,root_opra/btnFastSkill,1,1.000/1.000/1.000/1.000,0:0,0:0,101.000/43.000,-62.000/-110.000,1.000/0.500,1.000/0.500,0.500/0.500,101.000/43.000,-62.000/-110.000,1.000/0.500,1.000/0.500,0.500/0.500,true,original MonoBehaviour Button m_TargetGraphic PPtr from battle_ext_prefabs
download/ui/uiprefabandres/battle_ext_prefabs.assetbundle,C:\Users\godho\Downloads\girlswar\girlswar_merged_extracted\extracted\unity\clean_unityfs_slices\download\ui\uiprefabandres\battle_ext_prefabs.assetbundle,-5586644576345471913,-4803864156042041283,-787143586316466668,UnityEngine.UI.Button,UI_NormalBattle/root_opra/btnPause,root_opra/btnPause,0:8368408801670250672,8368408801670250672,-4803864156042041283,UnityEngine.UI.Image,-7030229213176759517,UI_NormalBattle/root_opra/btnPause,root_opra/btnPause,1,1.000/1.000/1.000/1.000,31:-484562080628181104,0:0,92.000/54.000,76.000/362.000,0.000/0.500,0.000/0.500,0.500/0.500,92.000/54.000,76.000/362.000,0.000/0.500,0.000/0.500,0.500/0.500,true,original MonoBehaviour Button m_TargetGraphic PPtr from battle_ext_prefabs
download/ui/uiprefabandres/battle_ext_prefabs.assetbundle,C:\Users\godho\Downloads\girlswar\girlswar_merged_extracted\extracted\unity\clean_unityfs_slices\download\ui\uiprefabandres\battle_ext_prefabs.assetbundle,6459354039341332275,-4255982112072081409,-787143586316466668,UnityEngine.UI.Button,UI_NormalBattle/root_opra/btnSkip,root_opra/btnSkip,0:7920599855815416323,7920599855815416323,-4255982112072081409,YouYou.YouYouImage,1242602534869556086,UI_NormalBattle/root_opra/btnSkip,root_opra/btnSkip,0,1.000/1.000/1.000/1.000,2:-668223970973157061,0:0,73.000/78.000,-62.000/70.000,1.000/0.500,1.000/0.500,0.500/0.500,73.000/78.000,-62.000/70.000,1.000/0.500,1.000/0.500,0.500/0.500,true,original MonoBehaviour Button m_TargetGraphic PPtr from battle_ext_prefabs
download/ui/uiprefabandres/battle_ext_prefabs.assetbundle,C:\Users\godho\Downloads\girlswar\girlswar_merged_extracted\extracted\unity\clean_unityfs_slices\download\ui\uiprefabandres\battle_ext_prefabs.assetbundle,-3082841785505758502,675671007145499348,-787143586316466668,UnityEngine.UI.Button,UI_NormalBattle/root_opra/btnTwoSpeed,root_opra/btnTwoSpeed,0:-5725972105652135875,-5725972105652135875,675671007145499348,UnityEngine.UI.Empty4Raycast,-2324043793906593294,UI_NormalBattle/root_opra/btnTwoSpeed,root_opra/btnTwoSpeed,1,1.000/1.000/1.000/1.000,0:0,0:0,101.000/43.000,-62.000/-20.000,1.000/0.500,1.000/0.500,0.500/0.500,101.000/43.000,-62.000/-20.000,1.000/0.500,1.000/0.500,0.500/0.500,true,original MonoBehaviour Button m_TargetGraphic PPtr from battle_ext_prefabs
download/ui/uiprefabandres/battle_ext_prefabs.assetbundle,C:\Users\godho\Downloads\girlswar\girlswar_merged_extracted\extracted\unity\clean_unityfs_slices\download\ui\uiprefabandres\battle_ext_prefabs.assetbundle,6375603107353073064,-1220815222799112388,-787143586316466668,UnityEngine.UI.Button,UI_NormalBattle/root_opra/root_buff/root_buff_left/btnLeftClosebuff,root_opra/root_buff/root_buff_left/btnLeftClosebuff,0:5620404036173734739,5620404036173734739,-1220815222799112388,UnityEngine.UI.Image,-7030229213176759517,UI_NormalBattle/root_opra/root_buff/root_buff_left/btnLeftClosebuff,root_opra/root_buff/root_buff_left/btnLeftClosebuff,1,1.000/1.000/1.000/1.000,2:2270490347931202257,0:0,44.000/120.000,270.000/0.000,0.000/0.500,0.000/0.500,0.500/0.500,44.000/120.000,270.000/0.000,0.000/0.500,0.000/0.500,0.500/0.500,true,original MonoBehaviour Button m_TargetGraphic PPtr from battle_ext_prefabs
download/ui/uiprefabandres/battle_ext_prefabs.assetbundle,C:\Users\godho\Downloads\girlswar\girlswar_merged_extracted\extracted\unity\clean_unityfs_slices\download\ui\uiprefabandres\battle_ext_prefabs.assetbundle,4383303783406615431,3803548808280707781,-787143586316466668,UnityEngine.UI.Button,UI_NormalBattle/root_opra/root_buff/root_buff_right/btnRightClosebuff,root_opra/root_buff/root_buff_right/btnRightClosebuff,0:-2379753942176051471,-2379753942176051471,3803548808280707781,UnityEngine.UI.Image,-7030229213176759517,UI_NormalBattle/root_opra/root_buff/root_buff_right/btnRightClosebuff,root_opra/root_buff/root_buff_right/btnRightClosebuff,1,1.000/1.000/1.000/1.000,2:-2491246668886074252,0:0,44.000/120.000,-19.000/0.000,0.000/0.500,0.000/0.500,0.500/0.500,44.000/120.000,-19.000/0.000,0.000/0.500,0.000/0.500,0.500/0.500,true,original MonoBehaviour Button m_TargetGraphic PPtr from battle_ext_prefabs
download/ui/uiprefabandres/battle_ext_prefabs.assetbundle,C:\Users\godho\Downloads\girlswar\girlswar_merged_extracted\extracted\unity\clean_unityfs_slices\download\ui\uiprefabandres\battle_ext_prefabs.assetbundle,1355951728057757673,-3342424083058380863,-787143586316466668,UnityEngine.UI.Button,UI_NormalBattle_Pause/Center/BT_chetui,Center/BT_chetui,0:1671580199736454608,1671580199736454608,-3342424083058380863,UnityEngine.UI.Image,-7030229213176759517,UI_NormalBattle_Pause/Center/BT_chetui,Center/BT_chetui,1,1.000/1.000/1.000/1.000,2:-8244930706257120366,0:0,84.000/84.000,-215.000/-17.000,0.500/0.500,0.500/0.500,0.500/0.500,84.000/84.000,-215.000/-17.000,0.500/0.500,0.500/0.500,0.500/0.500,false,original MonoBehaviour Button m_TargetGraphic PPtr from battle_ext_prefabs
download/ui/uiprefabandres/battle_ext_prefabs.assetbundle,C:\Users\godho\Downloads\girlswar\girlswar_merged_extracted\extracted\unity\clean_unityfs_slices\download\ui\uiprefabandres\battle_ext_prefabs.assetbundle,-5929266158589400127,8840120263980974371,-787143586316466668,UnityEngine.UI.Button,UI_NormalBattle_Pause/Center/BT_jixu,Center/BT_jixu,0:351665617141670041,351665617141670041,8840120263980974371,UnityEngine.UI.Image,-7030229213176759517,UI_NormalBattle_Pause/Center/BT_jixu,Center/BT_jixu,1,1.000/1.000/1.000/1.000,2:-5249601420079163892,0:0,84.000/84.000,215.000/-17.000,0.500/0.500,0.500/0.500,0.500/0.500,84.000/84.000,215.000/-17.000,0.500/0.500,0.500/0.500,0.500/0.500,false,original MonoBehaviour Button m_TargetGraphic PPtr from battle_ext_prefabs
download/ui/uiprefabandres/battle_ext_prefabs.assetbundle,C:\Users\godho\Downloads\girlswar\girlswar_merged_extracted\extracted\unity\clean_unityfs_slices\download\ui\uiprefabandres\battle_ext_prefabs.assetbundle,5022161140362311618,8766890496602685394,-787143586316466668,UnityEngine.UI.Button,UI_NormalBattle_SkipView/bgBtn/Image,bgBtn/Image,0:3353376924625761392,3353376924625761392,8766890496602685394,UnityEngine.UI.Image,-7030229213176759517,UI_NormalBattle_SkipView/bgBtn/Image,bgBtn/Image,1,1.000/1.000/1.000/0.000,0:0,0:0,2500.000/2000.000,0.000/0.000,0.500/0.500,0.500/0.500,0.500/0.500,2500.000/2000.000,0.000/0.000,0.500/0.500,0.500/0.500,0.500/0.500,false,original MonoBehaviour Button m_TargetGraphic PPtr from battle_ext_prefabs
download/ui/uiprefabandres/battle_ext_prefabs.assetbundle,C:\Users\godho\Downloads\girlswar\girlswar_merged_extracted\extracted\unity\clean_unityfs_slices\download\ui\uiprefabandres\battle_ext_prefabs.assetbundle,-4008580424911845473,-814415606022152532,-787143586316466668,UnityEngine.UI.Button,UI_TestBattle/TopRight/btnPause,TopRight/btnPause,0:-950665897569921747,-950665897569921747,-814415606022152532,UnityEngine.UI.Image,-7030229213176759517,UI_TestBattle/TopRight/btnPause,TopRight/btnPause,1,1.000/1.000/1.000/1.000,0:0,0:0,21.000/32.000,-187.800/-33.700,0.500/0.500,0.500/0.500,0.500/0.500,21.000/32.000,-187.800/-33.700,0.500/0.500,0.500/0.500,0.500/0.500,false,original MonoBehaviour Button m_TargetGraphic PPtr from battle_ext_prefabs
download/ui/uiprefabandres/battle_ext_prefabs.assetbundle,C:\Users\godho\Downloads\girlswar\girlswar_merged_extracted\extracted\unity\clean_unityfs_slices\download\ui\uiprefabandres\battle_ext_prefabs.assetbundle,-5500836100538361598,-2032648740797931596,-787143586316466668,UnityEngine.UI.Button,UI_TestBattle/TopRight/btnResume,TopRight/btnResume,0:-358625986842394407,-358625986842394407,-2032648740797931596,UnityEngine.UI.Image,-7030229213176759517,UI_TestBattle/TopRight/btnResume,TopRight/btnResume,1,1.000/1.000/1.000/1.000,0:0,0:0,43.000/42.000,-117.900/-32.000,0.500/0.500,0.500/0.500,0.500/0.500,43.000/42.000,-117.900/-32.000,0.500/0.500,0.500/0.500,0.500/0.500,false,original MonoBehaviour Button m_TargetGraphic PPtr from battle_ext_prefabs
download/ui/uiprefabandres/battle_ext_prefabs.assetbundle,C:\Users\godho\Downloads\girlswar\girlswar_merged_extracted\extracted\unity\clean_unityfs_slices\download\ui\uiprefabandres\battle_ext_prefabs.assetbundle,-2625790644375477366,4848441487853085328,-787143586316466668,UnityEngine.UI.Button,UI_TestBattle/TopRight/btnTwoSpeed,TopRight/btnTwoSpeed,0:6734781884791522530,6734781884791522530,4848441487853085328,UnityEngine.UI.Image,-7030229213176759517,UI_TestBattle/TopRight/btnTwoSpeed,TopRight/btnTwoSpeed,1,1.000/1.000/1.000/1.000,6:8359607109218151015,0:0,32.000/31.000,-46.200/-33.700,0.500/0.500,0.500/0.500,0.500/0.500,32.000/31.000,-46.200/-33.700,0.500/0.500,0.500/0.500,0.500/0.500,false,original MonoBehaviour Button m_TargetGraphic PPtr from battle_ext_prefabs
